section,selection_order,requested_region,stored_label_value,source_csv,area_pixels_csv,mask_pixels_saved,centroid_x_global_csv,centroid_y_global_csv,original_component_id
002,1,42,42,CRC01_ROI_TLS_labeled_detailed_regions.csv,9148,9148,947.1394840402274,2179.5222999562743,45
002,2,36,36,CRC01_ROI_TLS_labeled_detailed_regions.csv,13376,13376,1038.9277811004786,1992.5861991626793,34
002,3,28,28,CRC01_ROI_TLS_labeled_detailed_regions.csv,2806,2806,1265.7922309337134,1821.6450463292945,32
002,4,20,20,CRC01_ROI_TLS_labeled_detailed_regions.csv,4553,4553,1371.192400614979,1693.6481440808257,20
002,5,30,30,CRC01_ROI_TLS_labeled_detailed_regions.csv,9632,9632,1430.6018480066446,1835.096760797342,31
002,6,23,23,CRC01_ROI_TLS_labeled_detailed_regions.csv,6521,6521,1523.5436282778714,1750.0245361140928,24
002,7,34,34,CRC01_ROI_TLS_labeled_detailed_regions.csv,2632,2632,1339.841565349544,1971.8662613981764,38
007,1,28,28,CRC01_ROI_TLS_labeled_detailed_regions.csv,7027,7027,992.7148142877472,2239.1195389213035,31
007,2,25,25,CRC01_ROI_TLS_labeled_detailed_regions.csv,1076,1076,1038.0260223048326,2149.8977695167287,27
007,3,23,23,CRC01_ROI_TLS_labeled_detailed_regions.csv,9728,9728,1040.4393503289475,2036.1535773026317,22
007,4,21,21,CRC01_ROI_TLS_labeled_detailed_regions.csv,4201,4201,1346.2675553439658,1983.8755058319448,23
007,5,16,16,CRC01_ROI_TLS_labeled_detailed_regions.csv,8217,8217,1412.3625410733844,1831.3014482171109,18
007,6,12,12,CRC01_ROI_TLS_labeled_detailed_regions.csv,4957,4957,1328.4875933024007,1702.3885414565261,14
007,7,13,13,CRC01_ROI_TLS_labeled_detailed_regions.csv,4221,4221,1496.0575692963753,1725.2042170101872,15
014,1,23,23,CRC01_ROI_TLS_labeled_detailed_regions.csv,3465,3465,976.9131313131313,2074.4554112554115,26
014,2,24,24,CRC01_ROI_TLS_labeled_detailed_regions.csv,4582,4582,1104.2909209951986,2142.6999127018767,27
014,3,19,19,CRC01_ROI_TLS_labeled_detailed_regions.csv,5815,5815,1210.8435081685298,1911.3239896818573,20
014,4,21,21,CRC01_ROI_TLS_labeled_detailed_regions.csv,5797,5797,1552.4666206658617,1951.8742452992929,23
014,5,15,15,CRC01_ROI_TLS_labeled_detailed_regions.csv,6253,6253,1613.8618263233648,1687.6756756756756,16
020,1,24,24,CRC01_ROI_TLS_labeled_detailed_regions.csv,5814,5814,932.2041623667011,2211.7229102167184,24
020,2,25,25,CRC01_ROI_TLS_labeled_detailed_regions.csv,5176,5176,1065.6186244204018,2260.815687789799,25
020,3,19,19,CRC01_ROI_TLS_labeled_detailed_regions.csv,4392,4392,1129.4369307832421,1987.715163934426,19
020,4,20,20,CRC01_ROI_TLS_labeled_detailed_regions.csv,6322,6322,1460.0881050300538,1994.6610249920911,20
020,5,15,15,CRC01_ROI_TLS_labeled_detailed_regions.csv,26488,26488,1577.7984747810328,1784.5000755058895,15
025,1,26,26,CRC01_ROI_TLS_labeled_detailed_regions.csv,8166,8166,1109.8928483957875,2273.5113886847903,28
025,2,19,19,CRC01_ROI_TLS_labeled_detailed_regions.csv,6839,6839,1166.9668080128674,1997.4867670712092,20
025,3,17,17,CRC01_ROI_TLS_labeled_detailed_regions.csv,7816,7816,1473.6718270214944,1942.6672210849538,18
025,4,14,14,CRC01_ROI_TLS_labeled_detailed_regions.csv,16536,16536,1586.9830067731011,1809.1570512820513,15
025,5,13,13,CRC01_ROI_TLS_labeled_detailed_regions.csv,5949,5949,1687.53992267608,1755.6987729030088,16
025,6,22.19,2219,CRC01_025_TLS_region22_subregions.csv,5182,5182,994.8097259745273,2197.7591663450403,22
029,1,58,58,CRC01_ROI_TLS_labeled_detailed_regions.csv,5710,5710,891.8963222416812,2170.5276707530647,68
029,2,59,59,CRC01_ROI_TLS_labeled_detailed_regions.csv,6696,6696,1041.861111111111,2233.6736857825567,69
029,3,53,53,CRC01_ROI_TLS_labeled_detailed_regions.csv,687,687,979.0771470160116,2080.791848617176,63
029,4,48,48,CRC01_ROI_TLS_labeled_detailed_regions.csv,5324,5324,1066.3065364387678,1925.493425995492,57
029,5,45,45,CRC01_ROI_TLS_labeled_detailed_regions.csv,1720,1720,1347.7697674418605,1859.9709302325582,54
029,6,47,47,CRC01_ROI_TLS_labeled_detailed_regions.csv,2926,2926,1425.984962406015,1892.7911825017088,56
029,7,28,28,CRC01_ROI_TLS_labeled_detailed_regions.csv,329,329,1472.9817629179333,1601.498480243161,35
029,8,37,37,CRC01_ROI_TLS_labeled_detailed_regions.csv,24208,24208,1513.0572538003967,1708.2013384005288,36
029,9,39,39,CRC01_ROI_TLS_labeled_detailed_regions.csv,469,469,1564.98933901919,1723.2494669509595,45
034,1,24,24,CRC01_ROI_TLS_labeled_detailed_regions.csv,5825,5825,884.880686695279,2219.1581115879826,26
034,2,26,26,CRC01_ROI_TLS_labeled_detailed_regions.csv,1645,1645,985.780547112462,2244.3227963525833,29
034,3,27,27,CRC01_ROI_TLS_labeled_detailed_regions.csv,6366,6366,1041.8517122211751,2311.1487590323595,28
034,4,23,23,CRC01_ROI_TLS_labeled_detailed_regions.csv,4067,4067,987.720924514384,2171.8777969018934,25
034,5,20,20,CRC01_ROI_TLS_labeled_detailed_regions.csv,6335,6335,1056.7360694554063,2004.9439621152328,22
034,6,18,18,CRC01_ROI_TLS_labeled_detailed_regions.csv,1546,1546,1261.3350582147477,1908.9618369987063,20
034,7,15,15,CRC01_ROI_TLS_labeled_detailed_regions.csv,36679,36679,1471.0782736715832,1842.5734071266938,17
034,8,19,19,CRC01_ROI_TLS_labeled_detailed_regions.csv,2020,2020,1564.4559405940597,1967.85,21
039,1,22,22,CRC01_ROI_TLS_labeled_detailed_regions.csv,5834,5834,848.3685293109359,2230.8169352074046,23
039,2,23,23,CRC01_ROI_TLS_labeled_detailed_regions.csv,10447,10447,1005.6200823202834,2270.5307743849908,22
039,3,18,18,CRC01_ROI_TLS_labeled_detailed_regions.csv,5074,5074,1027.6042569964525,1997.8610563657862,20
039,4,15,15,CRC01_ROI_TLS_labeled_detailed_regions.csv,2515,2515,1312.3809145129226,1945.6143141153082,19
039,5,16,16,CRC01_ROI_TLS_labeled_detailed_regions.csv,2686,2686,1386.5819061801935,1948.041697691735,18
039,6,13,13,CRC01_ROI_TLS_labeled_detailed_regions.csv,22997,22997,1475.4618428490671,1787.0711831978083,13
044,1,15,15,CRC01_ROI_TLS_labeled_detailed_regions.csv,7005,7005,912.2304068522484,2039.92562455389,15
044,2,16,16,CRC01_ROI_TLS_labeled_detailed_regions.csv,668,668,1007.6392215568862,2055.245508982036,17
044,3,17,17,CRC01_ROI_TLS_labeled_detailed_regions.csv,4275,4275,1100.489356725146,2135.1338011695907,18
044,4,14,14,CRC01_ROI_TLS_labeled_detailed_regions.csv,450,450,1070.7688888888888,1992.4622222222222,16
044,5,12,12,CRC01_ROI_TLS_labeled_detailed_regions.csv,7806,7806,1118.8235972328978,1914.7881117089419,13
044,6,9,9,CRC01_ROI_TLS_labeled_detailed_regions.csv,4990,4990,1396.3014028056114,1809.7248496993989,10
044,7,8,8,CRC01_ROI_TLS_labeled_detailed_regions.csv,44356,44356,1563.1234556767968,1669.3379249706918,7
049,1,41,41,CRC01_ROI_TLS_labeled_detailed_regions.csv,7682,7682,868.347565738089,2085.4203332465504,49
049,2,45,45,CRC01_ROI_TLS_labeled_detailed_regions.csv,960,960,961.821875,2157.3645833333335,56
049,3,44,44,CRC01_ROI_TLS_labeled_detailed_regions.csv,231,231,986.2164502164502,2134.939393939394,55
049,4,48,48,CRC01_ROI_TLS_labeled_detailed_regions.csv,1038,1038,1200.082851637765,2321.217726396917,60
049,5,42,42,CRC01_ROI_TLS_labeled_detailed_regions.csv,471,471,1064.3694267515923,2092.751592356688,53
049,6,37,37,CRC01_ROI_TLS_labeled_detailed_regions.csv,6696,6696,1119.8376642771805,2022.4826762246116,47
049,7,46,46,CRC01_ROI_TLS_labeled_detailed_regions.csv,4035,4035,1076.090458488228,2233.684262701363,58
049,8,47,47,CRC01_ROI_TLS_labeled_detailed_regions.csv,1174,1174,922.9131175468484,2237.352640545145,59
049,9,31,31,CRC01_ROI_TLS_labeled_detailed_regions.csv,249,249,1398.8473895582329,1913.4738955823293,41
049,10,33,33,CRC01_ROI_TLS_labeled_detailed_regions.csv,2393,2393,1446.2578353531133,1939.9962390305056,42
049,11,34,34,CRC01_ROI_TLS_labeled_detailed_regions.csv,3319,3319,1364.4537511298583,1951.7824645977703,45
049,12,26,26,CRC01_ROI_TLS_labeled_detailed_regions.csv,39844,39844,1588.9776628852526,1832.9891828129707,28
049,13,20,20,CRC01_ROI_TLS_labeled_detailed_regions.csv,561,561,1510.4064171122996,1676.4991087344029,25
049,14,21,21,CRC01_ROI_TLS_labeled_detailed_regions.csv,303,303,1475.3201320132014,1679.6534653465346,26
050,1,31,31,CRC01_050_relabel_regions_31_34_33_32_29_37_23_subregions_fullROI.csv; kept main label after deleting subregions,11740,7468,870.6336368505624,2085.1025709694695,37
050,2,34,34,CRC01_050_relabel_regions_31_34_33_32_29_37_23_subregions_fullROI.csv; kept main label after deleting subregions,486,486,946.1172839506173,2149.9732510288068,43
050,3,33,33,CRC01_050_relabel_regions_31_34_33_32_29_37_23_subregions_fullROI.csv; kept main label after deleting subregions,1845,1845,986.9262872628726,2145.3127371273713,42
050,4,32,32,CRC01_050_relabel_regions_31_34_33_32_29_37_23_subregions_fullROI.csv; kept main label after deleting subregions,460,460,1053.7260869565216,2094.863043478261,40
050,5,29,29,CRC01_050_relabel_regions_31_34_33_32_29_37_23_subregions_fullROI.csv; kept main label after deleting subregions,7415,7415,1111.7977073499662,2029.563587322994,36
050,6,37,37,CRC01_050_relabel_regions_31_34_33_32_29_37_23_subregions_fullROI.csv; kept main label after deleting subregions,4113,4113,1062.2246535375639,2235.601264283978,44
050,7,23,23,CRC01_050_relabel_regions_31_34_33_32_29_37_23_subregions_fullROI.csv; kept main label after deleting subregions,50369,44224,1535.5649421128799,1864.898652315485,29
051,1,36,36,CRC01_ROI_TLS_labeled_detailed_regions.csv,14425,14425,851.2279376083188,2097.9898786828426,60
051,2,41,41,CRC01_ROI_TLS_labeled_detailed_regions.csv,2169,2169,874.5348086675888,2232.863531581374,66
051,3,40,40,CRC01_ROI_TLS_labeled_detailed_regions.csv,3328,3328,1019.5600961538462,2179.3680889423076,65
051,4,42,42,CRC01_ROI_TLS_labeled_detailed_regions.csv,5359,5359,1104.295577533122,2282.2011569322635,67
051,5,35,35,CRC01_ROI_TLS_labeled_detailed_regions.csv,10317,10317,1148.2082969855578,2069.5653775322285,58
051,6,37,37,CRC01_ROI_TLS_labeled_detailed_regions.csv,583,583,1097.0480274442539,2136.4236706689535,63
051,7,33,33,CRC01_ROI_TLS_labeled_detailed_regions.csv,6773,6773,1443.1649195334417,1991.3663073970174,57
051,8,29,29,CRC01_ROI_TLS_labeled_detailed_regions.csv,307,307,1495.1400651465797,1913.28664495114,53
051,9,26,26,CRC01_ROI_TLS_labeled_detailed_regions.csv,44388,44388,1628.2507885013968,1868.5867351536451,41
052,1,19,19,CRC01_ROI_TLS_labeled_detailed_regions.csv,16813,16813,853.5622435020521,2075.602331529174,22
052,2,20,20,CRC01_ROI_TLS_labeled_detailed_regions.csv,478,478,1063.5041841004186,2091.577405857741,23
052,3,21,21,CRC01_ROI_TLS_labeled_detailed_regions.csv,6640,6640,1065.46671686747,2243.240963855422,24
052,4,18,18,CRC01_ROI_TLS_labeled_detailed_regions.csv,6540,6540,1103.2762996941897,2017.748012232416,21
052,5,16,16,CRC01_ROI_TLS_labeled_detailed_regions.csv,6991,6991,1376.0150193105421,1930.0801029895579,20
052,6,12,12,CRC01_ROI_TLS_labeled_detailed_regions.csv,42248,42248,1562.2895758379095,1802.8284889225524,13
054,1,17,17,CRC01_ROI_TLS_labeled_detailed_regions.csv,20305,20305,1095.288155626693,2098.362176803743,17
054,2,14,14,CRC01_ROI_TLS_labeled_detailed_regions.csv,9214,9214,1319.0557846754937,1970.5722813110483,15
054,3,19,19,CRC01_ROI_TLS_labeled_detailed_regions.csv,6403,6403,1358.3260971419647,2197.909261283773,19
054,4,7,7,CRC01_ROI_TLS_labeled_detailed_regions.csv,50421,50421,1707.521251066024,1648.6473889847484,6
059,1,23,23,CRC01_ROI_TLS_labeled_detailed_regions.csv,17475,17475,879.8222031473533,2048.69773962804,22
059,2,22,22,CRC01_ROI_TLS_labeled_detailed_regions.csv,1791,1791,1056.895030709101,2019.356783919598,23
059,3,21,21,CRC01_ROI_TLS_labeled_detailed_regions.csv,2924,2924,1065.3396032831738,1960.3720930232557,21
059,4,24,24,CRC01_ROI_TLS_labeled_detailed_regions.csv,5708,5708,1058.0537841625787,2178.8081639803786,24
059,5,16,16,CRC01_ROI_TLS_labeled_detailed_regions.csv,44366,44366,1491.1452914393906,1766.4533201099941,10
059,6,11,11,CRC01_ROI_TLS_labeled_detailed_regions.csv,641,641,1644.2761310452418,1655.0842433697348,12
059,7,12,12,CRC01_ROI_TLS_labeled_detailed_regions.csv,619,619,1734.9757673667204,1702.0032310177705,15
064,1,15,15,CRC01_ROI_TLS_labeled_detailed_regions.csv,725,725,865.4537931034483,1921.575172413793,15
064,2,16,16,CRC01_ROI_TLS_labeled_detailed_regions.csv,28356,28356,876.3943786147553,2028.1434617012274,16
064,3,18,18,CRC01_ROI_TLS_labeled_detailed_regions.csv,7322,7322,1065.3657470636438,2155.2517071838297,17
064,4,14,14,CRC01_ROI_TLS_labeled_detailed_regions.csv,8422,8422,1363.9788648777012,1874.9685347898362,14
064,5,9,9,CRC01_ROI_TLS_labeled_detailed_regions.csv,45173,45173,1529.866424634184,1695.784140969163,8
064,6,7,7,CRC01_ROI_TLS_labeled_detailed_regions.csv,808,808,1658.1559405940593,1616.0383663366338,9
069,1,25,25,CRC01_ROI_TLS_labeled_detailed_regions.csv,20243,20243,946.9271847058242,2007.183322630045,27
069,2,29,29,CRC01_ROI_TLS_labeled_detailed_regions.csv,3818,3818,940.0489785227868,2171.3499214248295,32
069,3,24,24,CRC01_ROI_TLS_labeled_detailed_regions.csv,491,491,1015.6150712830957,1969.9103869653768,28
069,4,23,23,CRC01_ROI_TLS_labeled_detailed_regions.csv,3670,3670,1147.5686648501362,1908.36757493188,25
069,5,27,27,CRC01_ROI_TLS_labeled_detailed_regions.csv,11701,11701,1187.5679856422528,2087.981369113751,29
069,6,19,19,CRC01_ROI_TLS_labeled_detailed_regions.csv,333,333,1566.6996996996995,1796.936936936937,23
069,7,17,17,CRC01_ROI_TLS_labeled_detailed_regions.csv,4582,4582,1645.5840244434744,1727.3341335661285,20
069,8,11,11,CRC01_ROI_TLS_labeled_detailed_regions.csv,44219,44219,1648.5451502747687,1635.6069562857595,11
069,9,9,9,CRC01_ROI_TLS_labeled_detailed_regions.csv,675,675,1782.9066666666668,1533.825185185185,14
074,1,47,47,CRC01_ROI_TLS_labeled_detailed_regions.csv,12317,12317,996.90289843306,1973.0581310384023,40
074,2,34,34,CRC01_ROI_TLS_labeled_detailed_regions.csv,3504,3504,1033.7357305936073,1810.1883561643835,34
074,3,48,48,CRC01_ROI_TLS_labeled_detailed_regions.csv,4210,4210,1105.9643705463182,1978.5686460807601,47
074,4,42,42,CRC01_ROI_TLS_labeled_detailed_regions.csv,3016,3016,1171.9953580901856,1883.8627320954906,44
074,5,51,51,CRC01_ROI_TLS_labeled_detailed_regions.csv,11801,11801,1181.8944157274807,2078.0067790865182,49
074,6,53,53,CRC01_ROI_TLS_labeled_detailed_regions.csv,651,651,1198.1505376344085,2188.5023041474656,54
074,7,40,40,CRC01_ROI_TLS_labeled_detailed_regions.csv,2652,2652,1345.5855957767722,1871.5177224736049,42
074,8,43,43,CRC01_ROI_TLS_labeled_detailed_regions.csv,4035,4035,1514.060966542751,1892.2500619578686,41
074,9,39,39,CRC01_ROI_TLS_labeled_detailed_regions.csv,2301,2301,1593.1625380269447,1839.19469795741,39
074,10,33,33,CRC01_ROI_TLS_labeled_detailed_regions.csv,11319,11319,1737.168124392614,1804.8981358777278,31
074,11,23,23,CRC01_ROI_TLS_labeled_detailed_regions.csv,16454,16454,1749.260179895466,1633.0212106478668,20
074,12,27,27,CRC01_ROI_TLS_labeled_detailed_regions.csv,510,510,1969.3039215686274,1732.3470588235296,27
074,13,28,28,CRC01_ROI_TLS_labeled_detailed_regions.csv,1218,1218,1923.5057471264367,1741.6264367816093,28
074,14,38,38,CRC01_ROI_TLS_labeled_detailed_regions.csv,1646,1646,1884.8462940461725,1827.5874848116646,38
074,15,32,32,CRC01_ROI_TLS_labeled_detailed_regions.csv,846,846,1974.174940898345,1795.0330969267138,32
078,1,26,26,CRC01_ROI_TLS_labeled_detailed_regions.csv,20978,20978,968.307989322147,2007.7474497092192,24
078,2,27,27,CRC01_ROI_TLS_labeled_detailed_regions.csv,3522,3522,1071.652186257808,2027.9892106757525,28
078,3,24,24,CRC01_ROI_TLS_labeled_detailed_regions.csv,2267,2267,1126.2977503308337,1896.2580502867227,25
078,4,23,23,CRC01_ROI_TLS_labeled_detailed_regions.csv,1914,1914,1264.4686520376176,1860.1650992685477,23
078,5,30,30,CRC01_ROI_TLS_labeled_detailed_regions.csv,19303,19303,1162.5176915505363,2158.847122208983,27
078,6,22,22,CRC01_ROI_TLS_labeled_detailed_regions.csv,5012,5012,1434.4774541101356,1828.3060654429369,22
078,7,20,20,CRC01_ROI_TLS_labeled_detailed_regions.csv,2524,2524,1502.4255150554677,1764.7444532488114,20
078,8,19,19,CRC01_ROI_TLS_labeled_detailed_regions.csv,5730,5730,1599.7298429319371,1719.631937172775,17
078,9,16,16,CRC01_ROI_TLS_labeled_detailed_regions.csv,6815,6815,1709.5411592076302,1656.5489361702128,16
078,10,10,10,CRC01_ROI_TLS_labeled_detailed_regions.csv,15230,15230,1603.76086671044,1516.5705187130663,9
084,1,42,42,CRC01_084_TLS_labeled_regions_ge300px.csv,8948,8948,910.2424005364328,2140.9846893160484,47
084,2,29,29,CRC01_084_TLS_labeled_regions_ge300px.csv,3169,3169,966.5254023351215,1875.1798674660777,32
084,3,39,39,CRC01_084_TLS_labeled_regions_ge300px.csv,2095,2095,941.0763723150358,1961.596658711217,42
084,4,38,38,CRC01_084_TLS_labeled_regions_ge300px.csv,874,874,982.8935926773455,1956.1533180778033,43
084,5,40,40,CRC01_084_TLS_labeled_regions_ge300px.csv,1032,1032,1041.3972868217054,2023.1220930232557,45
084,6,43,43,CRC01_084_TLS_labeled_regions_ge300px.csv,10217,10217,1118.4172457668592,2156.7382793383576,44
084,7,46,46,CRC01_084_TLS_labeled_regions_ge300px.csv,644,644,1013.77950310559,2221.0295031055903,50
084,8,35,35,CRC01_084_TLS_labeled_regions_ge300px.csv,954,954,1149.5524109014675,1917.083857442348,39
084,9,37,37,CRC01_084_TLS_labeled_regions_ge300px.csv,907,907,1095.175303197354,1944.6262403528115,41
084,10,32,32,CRC01_084_TLS_labeled_regions_ge300px.csv,2677,2677,1282.6985431453118,1906.3268584236084,36
084,11,36,36,CRC01_084_TLS_labeled_regions_ge300px.csv,5594,5594,1450.2468716481944,1927.497139792635,34
084,12,30,30,CRC01_084_TLS_labeled_regions_ge300px.csv,2026,2026,1526.0419545903258,1877.2453109575517,33
084,13,25,25,CRC01_084_TLS_labeled_regions_ge300px.csv,462,462,1630.9242424242425,1809.6471861471862,30
084,14,26,26,CRC01_084_TLS_labeled_regions_ge300px.csv,5741,5741,1763.2313185856124,1811.6775823027347,25
084,15,28,28,CRC01_084_TLS_labeled_regions_ge300px.csv,3870,3870,1630.2268733850128,1856.5103359173127,31
084,16,14,14,CRC01_084_TLS_labeled_regions_ge300px.csv,9905,9905,1674.5232710752146,1640.5491166077738,16
084,17,16,16,CRC01_084_TLS_labeled_regions_ge300px.csv,591,591,1747.3857868020305,1675.5143824027073,19
084,18,17,17,CRC01_084_TLS_labeled_regions_ge300px.csv,2558,2558,1840.2466770914775,1695.849100860047,20
084,19,20,20,CRC01_084_TLS_labeled_regions_ge300px.csv,2090,2090,1896.1947368421052,1734.6387559808613,23
086,1,25,25,CRC01_ROI_TLS_labeled_detailed_regions.csv,4759,4759,942.1430972893465,1887.067030888842,29
086,2,27,27,CRC01_ROI_TLS_labeled_detailed_regions.csv,1365,1365,1038.6102564102564,2008.8505494505494,33
086,3,28,28,CRC01_ROI_TLS_labeled_detailed_regions.csv,17129,17129,935.9853464884113,2072.3532605522796,32
086,4,29,29,CRC01_ROI_TLS_labeled_detailed_regions.csv,15285,15285,1113.8930978083088,2079.355119398103,30
086,5,24,24,CRC01_ROI_TLS_labeled_detailed_regions.csv,737,737,1203.3459972862956,1852.2754409769336,28
086,6,22,22,CRC01_ROI_TLS_labeled_detailed_regions.csv,1548,1548,1268.061369509044,1839.2157622739019,27
086,7,21,21,CRC01_ROI_TLS_labeled_detailed_regions.csv,10230,10230,1409.3845552297164,1822.1851417399805,25
086,8,17,17,CRC01_ROI_TLS_labeled_detailed_regions.csv,25185,25185,1595.0434385546953,1602.8044470915227,14
091,1,18,18,CRC01_091_relabel_regions_18_20_14_6_9_subregions_fullROI.csv; kept main label after deleting subregions,27781,27781,954.9564090565494,2047.0041395198157,17
091,2,20,20,CRC01_091_relabel_regions_18_20_14_6_9_subregions_fullROI.csv; kept main label after deleting subregions,16106,16106,1127.5224140072023,2111.920526511859,18
091,3,14,14,CRC01_091_relabel_regions_18_20_14_6_9_subregions_fullROI.csv; kept main label after deleting subregions,40102,36697,1487.6604627081233,1769.4397907185873,11
091,4,6,6,CRC01_091_relabel_regions_18_20_14_6_9_subregions_fullROI.csv; kept main label after deleting subregions,15940,6442,1536.2871778950637,1502.8703818689849,8
091,5,9,9,CRC01_091_relabel_regions_18_20_14_6_9_subregions_fullROI.csv; kept main label after deleting subregions,13967,5740,1802.6165505226481,1572.9674216027875,10
097,1,14,14,CRC01_ROI_TLS_labeled_detailed_regions.csv,3021,3021,961.2648129758359,1931.0675273088382,17
097,2,16,16,CRC01_ROI_TLS_labeled_detailed_regions.csv,23533,23533,945.3835040156375,2138.117409595037,19
097,3,18,18,CRC01_ROI_TLS_labeled_detailed_regions.csv,9934,9934,1119.5756996174755,2243.5636198912825,22
097,4,13,13,CRC01_ROI_TLS_labeled_detailed_regions.csv,14067,14067,1430.4905807919245,1879.8571123907018,16
097,5,9,9,CRC01_ROI_TLS_labeled_detailed_regions.csv,30765,30765,1785.3403217942466,1681.0841215667156,10
097,6,6,6,CRC01_ROI_TLS_labeled_detailed_regions.csv,6793,6793,1617.2942735168556,1563.1582511408803,9
102,1,13,13,CRC01_102_TLS_regions_6_7_10_13_subregions_fullROI.csv; kept main label after deleting subregions,72963,54326,971.8365975775871,2133.5845267459413,12
102,2,10,10,CRC01_102_TLS_regions_6_7_10_13_subregions_fullROI.csv; kept main label after deleting subregions,28817,20813,1366.1289578628741,1864.1012828520636,10
102,3,7,7,CRC01_102_TLS_regions_6_7_10_13_subregions_fullROI.csv; kept main label after deleting subregions,25089,20524,1572.7332878581174,1642.4748587020074,6
102,4,6,6,CRC01_102_TLS_regions_6_7_10_13_subregions_fullROI.csv; kept main label after deleting subregions,16925,16242,1770.7220169929813,1592.897057012683,7
106,1,23,23,CRC01_ROI_TLS_labeled_detailed_regions.csv,37065,37065,1008.7096182382302,2149.221205989478,24
106,2,20,20,CRC01_ROI_TLS_labeled_detailed_regions.csv,13421,13421,1432.7977795991355,1921.4649429997764,22
106,3,18,18,CRC01_ROI_TLS_labeled_detailed_regions.csv,3545,3545,1550.5822284908322,1870.2660084626234,20
106,4,16,16,CRC01_ROI_TLS_labeled_detailed_regions.csv,6203,6203,1704.8611961953893,1804.6151862002257,19
106,5,11,11,CRC01_ROI_TLS_labeled_detailed_regions.csv,1938,1938,1744.1001031991743,1680.1604747162023,14
106,6,9,9,CRC01_ROI_TLS_labeled_detailed_regions.csv,2246,2246,1686.313446126447,1614.806767586821,10
106,7,10,10,CRC01_ROI_TLS_labeled_detailed_regions.csv,8530,8530,1921.3821805392731,1677.1286049237983,12
