bin_id,Xt,Yt,cell_count,matched_fraction
020_1_27,790.277587890625,11146.7919921875,5.0,1.0
020_1_28,771.1142578125,11432.2607421875,27.0,1.0
020_1_29,717.7445678710938,11829.126953125,48.0,0.9999999999999998
020_1_30,739.7501831054688,12175.4267578125,44.0,0.9999999999999998
020_1_31,752.994873046875,12654.3037109375,26.0,1.0000000000000002
020_1_32,731.5104370117188,13020.4765625,42.0,1.0000000000000002
020_1_33,725.9358520507812,13405.736328125,179.0,1.0000000000000004
020_1_34,694.4647216796875,13820.8974609375,335.0,1.0000000000000004
020_1_35,690.46533203125,14190.708984375,441.0,1.0000000000000009
020_1_36,693.5321655273438,14621.009765625,413.0,0.9999999999999993
020_1_37,684.2955932617188,14990.716796875,519.0,0.9999999999999998
020_1_38,667.3693237304688,15396.0166015625,521.0,0.9999999999999997
020_1_39,659.14892578125,15809.0869140625,446.0,0.9999999999999996
020_1_40,642.36572265625,16200.01953125,467.0,1.0
020_1_41,625.3807983398438,16593.43359375,489.0,1.0000000000000002
020_1_42,717.3235473632812,17044.759765625,69.0,1.0000000000000002
020_2_23,1156.465576171875,9549.0966796875,7.0,1.0
020_2_24,1130.0869140625,9856.9189453125,10.0,1.0
020_2_25,1092.5706787109375,10088.654296875,10.0,1.0000000000000002
020_2_27,1116.2210693359375,11048.693359375,116.0,1.0000000000000009
020_2_28,1003.1325073242188,11418.32421875,183.0,0.9999999999999999
020_2_29,1061.1201171875,11734.1455078125,198.0,1.0000000000000009
020_2_30,1034.1627197265625,12254.78125,339.0,0.9999999999999998
020_2_31,1069.3148193359375,12577.6474609375,312.0,1.0000000000000004
020_2_32,1019.47216796875,13010.0126953125,152.0,0.9999999999999986
020_2_33,998.4694213867188,13412.1923828125,523.0,0.9999999999999978
020_2_34,1010.2549438476562,13815.7880859375,576.0,1.0000000000000007
020_2_35,1011.1151733398438,14211.345703125,629.0,0.9999999999999997
020_2_36,1007.8067016601562,14594.2080078125,769.0,0.9999999999999997
020_2_37,987.11669921875,15005.771484375,663.0,0.9999999999999999
020_2_38,1000.0671997070312,15395.5771484375,728.0,1.000000000000001
020_2_39,997.1508178710938,15788.5478515625,664.0,0.9999999999999998
020_2_40,998.0150756835938,16181.3154296875,477.0,1.0000000000000004
020_2_41,994.279052734375,16592.56640625,620.0,1.0
020_2_42,995.7656860351562,16949.53515625,186.0,1.0
020_2_43,1047.670166015625,17325.740234375,238.0,0.9999999999999998
020_3_20,1549.23095703125,8162.30322265625,5.0,1.0
020_3_21,1569.029541015625,8536.9365234375,5.0,1.0
020_3_22,1487.6627197265625,8948.013671875,30.0,1.0
020_3_23,1438.7733154296875,9451.732421875,33.0,1.0
020_3_24,1416.666748046875,9861.5810546875,37.0,1.0000000000000004
020_3_25,1403.229248046875,10120.4560546875,45.0,1.0000000000000007
020_3_26,1399.067626953125,10673.138671875,132.0,1.0000000000000004
020_3_27,1328.740966796875,11037.3564453125,226.0,1.0000000000000007
020_3_28,1352.4833984375,11398.9326171875,302.0,0.9999999999999997
020_3_29,1403.5567626953125,11791.1826171875,286.0,1.0000000000000009
020_3_30,1393.5528564453125,12171.240234375,519.0,1.0000000000000002
020_3_31,1394.4083251953125,12619.25390625,660.0,0.9999999999999999
020_3_32,1432.4891357421875,12978.3515625,584.0,1.0000000000000002
020_3_33,1384.0498046875,13414.138671875,588.0,1.0000000000000007
020_3_34,1401.8585205078125,13830.9580078125,679.0,0.9999999999999996
020_3_35,1385.758544921875,14199.1806640625,801.0,1.0000000000000004
020_3_36,1382.6153564453125,14603.0908203125,747.0,0.9999999999999996
020_3_37,1400.8714599609375,15001.4609375,656.0,0.9999999999999999
020_3_38,1395.667724609375,15364.9111328125,554.0,1.0000000000000002
020_3_39,1382.84814453125,15819.4462890625,553.0,0.9999999999999999
020_3_40,1368.7386474609375,16122.974609375,233.0,1.0000000000000002
020_3_41,1397.9661865234375,16661.85546875,520.0,0.9999999999999997
020_3_42,1364.617431640625,16913.658203125,251.0,0.9999999999999997
020_4_19,1869.1090087890625,7866.4775390625,34.0,0.9999999999999993
020_4_20,1832.9150390625,8203.88671875,56.0,0.9999999999999996
020_4_21,1830.8646240234375,8548.595703125,55.0,0.9999999999999994
020_4_22,1769.862060546875,8986.8388671875,33.0,0.9999999999999994
020_4_23,1828.8287353515625,9385.4072265625,77.0,1.0000000000000004
020_4_24,1840.5545654296875,9810.0478515625,87.0,1.0
020_4_25,1755.0858154296875,10183.533203125,31.0,0.9999999999999994
020_4_26,1901.6748046875,10549.771484375,23.0,1.0000000000000007
020_4_27,1909.0960693359375,11035.404296875,202.0,0.9999999999999996
020_4_28,1855.4437255859375,11409.0478515625,373.0,0.9999999999999994
020_4_29,1787.2230224609375,11777.0537109375,412.0,0.9999999999999998
020_4_30,1764.260009765625,12225.8291015625,395.0,0.9999999999999997
020_4_31,1802.23046875,12610.9892578125,735.0,0.9999999999999998
020_4_32,1794.744873046875,13001.673828125,762.0,1.0
020_4_33,1830.4111328125,13379.806640625,622.0,1.000000000000001
020_4_34,1831.1983642578125,13796.5693359375,499.0,1.0
020_4_35,1801.9609375,14191.212890625,597.0,1.0
020_4_36,1846.0076904296875,14595.0556640625,580.0,1.0000000000000004
020_4_37,1793.523193359375,14992.7861328125,762.0,1.0000000000000004
020_4_38,1779.0723876953125,15419.92578125,731.0,1.0000000000000002
020_4_39,1822.8946533203125,15789.1728515625,570.0,1.0
020_4_40,1851.3680419921875,16195.79296875,447.0,0.9999999999999998
020_4_41,1816.4075927734375,16604.322265625,743.0,0.9999999999999999
020_4_42,1820.262939453125,16926.265625,327.0,1.0000000000000002
020_4_43,1804.4757080078125,17326.958984375,12.0,1.0
020_5_18,2156.11767578125,7408.72314453125,30.0,1.0000000000000004
020_5_19,2235.611572265625,7866.44921875,67.0,1.0000000000000002
020_5_20,2192.55029296875,8128.00732421875,101.0,1.0000000000000002
020_5_21,2257.01513671875,8710.431640625,50.0,0.9999999999999998
020_5_22,2193.437744140625,9018.22265625,198.0,0.9999999999999996
020_5_23,2218.24462890625,9367.1376953125,140.0,0.9999999999999992
020_5_24,2218.2880859375,9833.1064453125,97.0,0.9999999999999991
020_5_25,2245.625,10221.5048828125,140.0,1.0000000000000004
020_5_26,2217.025146484375,10594.892578125,216.0,1.0000000000000004
020_5_27,2203.60595703125,11022.1796875,559.0,1.0000000000000009
020_5_28,2209.48046875,11405.62890625,587.0,0.9999999999999994
020_5_29,2205.960693359375,11809.9228515625,712.0,1.0000000000000004
020_5_30,2206.608154296875,12203.265625,763.0,1.0000000000000004
020_5_31,2210.485107421875,12602.1533203125,765.0,0.9999999999999998
020_5_32,2194.301025390625,13003.7958984375,680.0,1.0000000000000004
020_5_33,2183.0498046875,13433.9697265625,563.0,1.0000000000000002
020_5_34,2194.998779296875,13801.974609375,704.0,1.0000000000000002
020_5_35,2211.034912109375,14182.0546875,558.0,0.9999999999999996
020_5_36,2187.624755859375,14612.2080078125,618.0,1.0000000000000002
020_5_37,2196.08349609375,14998.6689453125,632.0,1.0000000000000002
020_5_38,2185.09716796875,15420.5771484375,660.0,1.0
020_5_39,2182.30810546875,15822.076171875,699.0,1.0000000000000002
020_5_40,2205.848876953125,16184.8134765625,799.0,0.9999999999999998
020_5_41,2198.389892578125,16611.22265625,768.0,0.9999999999999999
020_5_42,2217.191650390625,16973.755859375,563.0,1.0000000000000004
020_5_43,2290.738525390625,17382.2578125,338.0,1.0000000000000002
020_5_44,2313.168701171875,17800.3125,226.0,1.0000000000000002
020_5_45,2325.846435546875,18037.490234375,56.0,1.0
020_6_17,2668.19482421875,7080.44873046875,17.0,1.0000000000000002
020_6_18,2687.9345703125,7439.201171875,33.0,1.0000000000000004
020_6_19,2595.239990234375,7818.79150390625,144.0,0.9999999999999999
020_6_20,2505.729248046875,8060.029296875,39.0,1.0000000000000004
020_6_21,2613.3798828125,8609.1181640625,76.0,0.9999999999999996
020_6_22,2523.861083984375,9019.2587890625,190.0,0.9999999999999996
020_6_23,2519.18310546875,9365.5009765625,145.0,0.9999999999999997
020_6_24,2621.709228515625,9813.37890625,231.0,1.0000000000000004
020_6_25,2600.039306640625,10205.4619140625,102.0,1.0000000000000004
020_6_26,2607.08740234375,10612.1162109375,282.0,1.0000000000000009
020_6_27,2611.435302734375,11031.6982421875,601.0,0.9999999999999999
020_6_28,2590.97216796875,11387.7109375,759.0,1.0000000000000009
020_6_29,2608.441162109375,11800.6171875,720.0,1.0000000000000009
020_6_30,2602.791748046875,12201.8505859375,744.0,0.999999999999999
020_6_31,2602.158935546875,12609.5478515625,660.0,1.0000000000000004
020_6_32,2599.01513671875,13000.4794921875,738.0,0.9999999999999986
020_6_33,2580.55322265625,13409.513671875,566.0,1.0000000000000002
020_6_34,2604.908935546875,13791.630859375,594.0,0.9999999999999999
020_6_35,2621.70849609375,14204.61328125,573.0,0.9999999999999996
020_6_36,2618.862548828125,14608.7822265625,582.0,0.9999999999999984
020_6_37,2614.44091796875,15003.255859375,541.0,1.0000000000000002
020_6_38,2590.3896484375,15394.3505859375,720.0,1.0000000000000007
020_6_39,2622.107421875,15804.03125,718.0,1.0000000000000002
020_6_40,2597.22802734375,16197.66015625,843.0,1.0000000000000004
020_6_41,2600.72021484375,16589.943359375,753.0,1.0000000000000007
020_6_42,2597.313720703125,16995.96484375,616.0,1.0
020_6_43,2599.396728515625,17406.83203125,746.0,0.9999999999999997
020_6_44,2603.987548828125,17793.716796875,538.0,0.9999999999999999
020_6_45,2623.433837890625,18099.669921875,371.0,1.0000000000000002
020_7_1,3088.741943359375,715.8869018554688,8.0,1.0
020_7_2,3105.75,977.359130859375,36.0,0.9999999999999999
020_7_16,3099.782470703125,6648.99853515625,23.0,1.0000000000000002
020_7_17,2963.12451171875,7013.49951171875,48.0,1.0000000000000002
020_7_18,3021.21923828125,7449.4189453125,75.0,0.9999999999999996
020_7_19,2904.974365234375,7736.3740234375,72.0,0.9999999999999992
020_7_20,3080.1611328125,8176.7685546875,97.0,0.9999999999999991
020_7_21,2893.020751953125,8611.16796875,19.0,1.0000000000000002
020_7_22,2881.880859375,9054.8173828125,30.0,1.0000000000000004
020_7_23,3008.728271484375,9412.6513671875,87.0,1.0000000000000002
020_7_24,2997.824462890625,9805.2880859375,231.0,1.0000000000000007
020_7_25,3016.030517578125,10185.041015625,210.0,0.9999999999999998
020_7_26,3005.62451171875,10604.552734375,201.0,0.9999999999999996
020_7_27,2976.052001953125,11026.51953125,313.0,1.0000000000000009
020_7_28,2975.67578125,11400.5029296875,462.0,1.0000000000000004
020_7_29,2979.05419921875,11801.3173828125,615.0,1.0000000000000004
020_7_30,2979.564453125,12213.3935546875,650.0,1.0000000000000007
020_7_31,2964.710205078125,12590.037109375,641.0,0.9999999999999983
020_7_32,2986.82373046875,13011.640625,457.0,1.0000000000000002
020_7_33,3025.603515625,13412.794921875,515.0,1.0000000000000004
020_7_34,2993.13232421875,13806.646484375,710.0,1.0
020_7_35,2997.561767578125,14196.7080078125,720.0,1.0
020_7_36,2992.49462890625,14633.5595703125,591.0,0.9999999999999992
020_7_37,2996.56640625,15002.9208984375,569.0,0.9999999999999988
020_7_38,2986.29052734375,15389.39453125,644.0,0.9999999999999996
020_7_39,2993.8056640625,15812.06640625,688.0,0.9999999999999993
020_7_40,2994.5537109375,16188.1240234375,774.0,1.0000000000000004
020_7_41,3015.23046875,16604.400390625,630.0,0.9999999999999999
020_7_42,3000.31005859375,17005.748046875,732.0,1.0000000000000007
020_7_43,3008.057373046875,17397.162109375,826.0,0.9999999999999993
020_7_44,3028.089111328125,17810.267578125,441.0,1.0000000000000009
020_7_45,2973.753173828125,18181.59765625,348.0,0.9999999999999998
020_8_1,3467.241943359375,756.7478637695312,23.0,0.9999999999999997
020_8_2,3403.82373046875,849.8301391601562,38.0,0.9999999999999999
020_8_16,3365.585693359375,6620.9716796875,45.0,0.9999999999999996
020_8_17,3423.471923828125,7075.2705078125,89.0,0.999999999999999
020_8_18,3370.005859375,7340.2646484375,78.0,0.9999999999999996
020_8_19,3391.08984375,7806.01953125,66.0,1.0000000000000004
020_8_20,3345.71533203125,8179.537109375,53.0,1.0000000000000013
020_8_21,3381.67822265625,8598.5341796875,10.0,1.0
020_8_23,3393.2060546875,9432.474609375,131.0,1.0000000000000002
020_8_24,3380.925048828125,9806.8720703125,304.0,1.0000000000000002
020_8_25,3393.16748046875,10186.859375,308.0,0.9999999999999997
020_8_26,3405.3798828125,10605.23828125,258.0,1.0000000000000004
020_8_27,3411.059326171875,11010.1005859375,234.0,1.0000000000000002
020_8_28,3407.84033203125,11436.501953125,330.0,1.0000000000000007
020_8_29,3371.644287109375,11816.1474609375,402.0,1.0
020_8_30,3438.7919921875,12183.09765625,521.0,1.0000000000000009
020_8_31,3429.26513671875,12624.421875,493.0,0.9999999999999997
020_8_32,3404.2490234375,12994.6171875,718.0,1.0
020_8_33,3381.80224609375,13414.966796875,641.0,0.9999999999999988
020_8_34,3412.60693359375,13819.5693359375,616.0,1.0000000000000004
020_8_35,3387.347900390625,14174.546875,587.0,1.0000000000000007
020_8_36,3415.96728515625,14632.806640625,530.0,1.0000000000000007
020_8_37,3408.42529296875,15005.240234375,607.0,1.0
020_8_38,3423.25244140625,15410.2802734375,681.0,0.9999999999999998
020_8_39,3390.26904296875,15771.22265625,523.0,1.000000000000001
020_8_40,3394.249755859375,16193.619140625,766.0,0.9999999999999998
020_8_41,3350.011474609375,16579.685546875,523.0,0.9999999999999993
020_8_42,3313.793701171875,16972.708984375,354.0,1.0000000000000007
020_8_43,3394.474365234375,17440.193359375,583.0,1.0
020_8_44,3397.90869140625,17827.3359375,626.0,0.9999999999999996
020_8_45,3418.87548828125,18186.6171875,614.0,1.0000000000000009
020_8_46,3443.8671875,18530.724609375,272.0,1.0
020_9_1,3793.111083984375,714.2866821289062,223.0,1.0000000000000002
020_9_2,3663.420166015625,820.0189819335938,17.0,0.9999999999999999
020_9_15,3765.185791015625,6298.33203125,16.0,1.0000000000000002
020_9_16,3843.287841796875,6598.54443359375,35.0,1.0
020_9_17,3752.176513671875,6998.7763671875,57.0,0.999999999999999
020_9_18,3741.759521484375,7401.044921875,40.0,0.9999999999999999
020_9_19,3742.766357421875,7787.1171875,10.0,0.9999999999999999
020_9_20,3876.525390625,8191.29248046875,19.0,1.0
020_9_21,3805.893310546875,8631.904296875,17.0,1.0000000000000002
020_9_22,3903.005615234375,9028.17578125,13.0,0.9999999999999993
020_9_23,3826.76123046875,9457.2578125,84.0,1.0000000000000002
020_9_24,3800.464111328125,9802.4384765625,307.0,0.999999999999999
020_9_25,3797.114501953125,10170.4091796875,231.0,1.0
020_9_26,3751.9453125,10571.35546875,152.0,0.9999999999999991
020_9_27,3796.017333984375,11026.7451171875,128.0,1.0000000000000004
020_9_28,3781.44970703125,11399.96484375,217.0,1.0000000000000002
020_9_29,3800.540771484375,11833.9423828125,529.0,0.9999999999999998
020_9_30,3774.14404296875,12178.94140625,657.0,0.9999999999999988
020_9_31,3792.3125,12631.158203125,445.0,0.9999999999999988
020_9_32,3813.7783203125,12978.6826171875,483.0,0.9999999999999989
020_9_33,3788.435302734375,13400.30078125,683.0,0.9999999999999994
020_9_34,3794.5556640625,13792.1220703125,657.0,0.9999999999999999
020_9_35,3804.83349609375,14209.1201171875,539.0,0.9999999999999987
020_9_36,3785.25732421875,14602.72265625,530.0,1.000000000000003
020_9_37,3808.25830078125,15018.7373046875,618.0,1.0000000000000009
020_9_38,3795.592041015625,15402.12109375,806.0,1.0000000000000013
020_9_39,3819.0927734375,15783.17578125,583.0,0.9999999999999997
020_9_40,3794.772705078125,16193.203125,601.0,1.0000000000000009
020_9_41,3826.075439453125,16608.376953125,613.0,1.0
020_9_42,3801.183349609375,17000.265625,768.0,0.9999999999999992
020_9_43,3797.382080078125,17386.390625,726.0,1.0000000000000004
020_9_44,3824.14111328125,17811.71484375,611.0,0.9999999999999999
020_9_45,3797.028076171875,18211.458984375,531.0,0.9999999999999996
020_9_46,3813.531494140625,18581.306640625,510.0,1.0000000000000004
020_10_1,4166.208984375,711.3513793945312,106.0,1.0
020_10_9,4247.1923828125,3632.316162109375,6.0,1.0
020_10_15,4226.21923828125,6254.37451171875,96.0,0.9999999999999989
020_10_16,4184.1982421875,6534.04443359375,32.0,1.0000000000000009
020_10_18,4292.97021484375,7463.08203125,11.0,0.9999999999999994
020_10_19,4268.001953125,7812.15673828125,38.0,1.0000000000000004
020_10_20,4209.37890625,8208.3876953125,33.0,1.0000000000000009
020_10_21,4086.97998046875,8675.8818359375,18.0,0.9999999999999999
020_10_22,4155.37109375,9047.615234375,49.0,0.9999999999999994
020_10_23,4192.24267578125,9437.9677734375,197.0,1.0
020_10_24,4187.36474609375,9796.126953125,294.0,0.9999999999999999
020_10_25,4173.212890625,10184.2138671875,193.0,1.0000000000000002
020_10_26,4193.07568359375,10591.78515625,148.0,0.9999999999999994
020_10_27,4150.9794921875,10997.7626953125,79.0,0.9999999999999999
020_10_28,4219.75048828125,11397.87890625,181.0,1.0000000000000004
020_10_29,4161.12109375,11786.9423828125,356.0,0.9999999999999997
020_10_30,4197.685546875,12202.130859375,423.0,1.0000000000000016
020_10_31,4236.85205078125,12575.8134765625,282.0,0.9999999999999992
020_10_32,4162.8359375,13028.466796875,218.0,1.0
020_10_33,4205.849609375,13379.564453125,648.0,1.000000000000001
020_10_34,4198.37890625,13800.283203125,523.0,0.9999999999999991
020_10_35,4207.6015625,14201.1103515625,618.0,1.0000000000000007
020_10_36,4212.2607421875,14603.0078125,598.0,0.9999999999999999
020_10_37,4208.72314453125,15006.0830078125,543.0,0.9999999999999997
020_10_38,4190.06103515625,15400.1923828125,756.0,1.0000000000000007
020_10_39,4191.77783203125,15812.6669921875,671.0,1.000000000000003
020_10_40,4195.046875,16201.595703125,600.0,0.999999999999999
020_10_41,4207.029296875,16597.587890625,724.0,1.000000000000001
020_10_42,4180.4912109375,16983.4609375,733.0,1.0000000000000013
020_10_43,4174.13330078125,17380.0546875,603.0,0.9999999999999999
020_10_44,4195.3916015625,17820.208984375,667.0,1.0000000000000004
020_10_45,4194.59912109375,18191.20703125,785.0,1.0000000000000002
020_10_46,4170.939453125,18594.63671875,596.0,1.0000000000000004
020_10_47,4233.66650390625,18813.908203125,39.0,0.9999999999999999
020_11_1,4482.826171875,682.9361572265625,20.0,1.0
020_11_7,4685.39697265625,3023.265869140625,12.0,1.0000000000000004
020_11_8,4679.82861328125,3484.842529296875,196.0,0.9999999999999997
020_11_9,4636.9990234375,3665.691162109375,127.0,1.0000000000000002
020_11_15,4615.1025390625,6260.69482421875,140.0,1.0000000000000007
020_11_16,4563.568359375,6450.796875,30.0,0.9999999999999997
020_11_18,4699.177734375,7495.7412109375,33.0,1.0000000000000009
020_11_19,4563.9638671875,7759.8857421875,44.0,1.0000000000000009
020_11_20,4620.65576171875,8149.0,67.0,0.9999999999999992
020_11_21,4728.72802734375,8579.4609375,11.0,1.0
020_11_22,4630.6376953125,9042.501953125,36.0,1.0000000000000007
020_11_23,4590.96484375,9431.712890625,148.0,1.0
020_11_24,4570.52734375,9796.087890625,181.0,0.9999999999999984
020_11_25,4605.3330078125,10197.0302734375,154.0,1.0000000000000002
020_11_26,4661.611328125,10603.12890625,157.0,0.999999999999999
020_11_27,4628.4365234375,11006.470703125,156.0,1.0000000000000007
020_11_28,4610.8876953125,11389.0107421875,233.0,0.9999999999999997
020_11_29,4590.11083984375,11804.5283203125,237.0,0.9999999999999994
020_11_30,4606.1005859375,12219.240234375,269.0,1.0000000000000009
020_11_31,4578.9775390625,12599.673828125,305.0,0.9999999999999997
020_11_32,4630.12451171875,12970.1572265625,263.0,1.0000000000000004
020_11_33,4587.962890625,13424.4541015625,522.0,1.0000000000000004
020_11_34,4580.22314453125,13780.359375,422.0,1.0
020_11_35,4594.205078125,14189.0185546875,571.0,1.0000000000000007
020_11_36,4644.1845703125,14597.90625,336.0,0.9999999999999998
020_11_37,4591.10693359375,15011.9296875,650.0,0.9999999999999998
020_11_38,4606.48486328125,15410.7333984375,708.0,0.9999999999999997
020_11_39,4597.93798828125,15766.3349609375,546.0,1.0000000000000002
020_11_40,4601.16064453125,16198.376953125,782.0,1.0000000000000016
020_11_41,4595.34228515625,16600.060546875,753.0,0.9999999999999996
020_11_42,4635.359375,17007.4140625,620.0,1.0000000000000002
020_11_43,4602.64794921875,17365.9921875,682.0,1.0000000000000007
020_11_44,4573.595703125,17811.251953125,634.0,1.0000000000000002
020_11_45,4580.6611328125,18122.482421875,467.0,1.0000000000000002
020_11_46,4579.87353515625,18696.3515625,233.0,1.0000000000000007
020_11_47,4590.8447265625,18813.0390625,63.0,1.0000000000000002
020_12_2,5103.03466796875,1102.8692626953125,18.0,0.9999999999999997
020_12_3,5122.8271484375,1297.5091552734375,9.0,0.9999999999999999
020_12_7,4860.654296875,2966.140625,5.0,1.0
020_12_8,4868.1845703125,3394.527587890625,131.0,1.0000000000000007
020_12_15,4906.53515625,6252.4609375,20.0,0.9999999999999996
020_12_16,5036.47021484375,6487.03271484375,6.0,1.0
020_12_18,4998.9921875,7470.34814453125,79.0,0.9999999999999996
020_12_19,4986.01806640625,7736.54150390625,50.0,1.0
020_12_20,4933.646484375,8198.9345703125,48.0,1.0000000000000002
020_12_21,5020.1591796875,8606.634765625,91.0,1.0000000000000009
020_12_22,5002.3056640625,8995.91796875,124.0,0.9999999999999998
020_12_23,5002.404296875,9382.544921875,127.0,0.9999999999999997
020_12_24,5060.1064453125,9808.5908203125,96.0,0.9999999999999997
020_12_25,5040.73388671875,10222.021484375,127.0,0.9999999999999997
020_12_26,5008.9423828125,10635.966796875,192.0,0.9999999999999999
020_12_27,4998.20068359375,10999.9013671875,148.0,1.0000000000000002
020_12_28,5024.662109375,11390.869140625,243.0,1.0000000000000002
020_12_29,4977.43798828125,11810.1728515625,185.0,1.0000000000000009
020_12_30,4990.21484375,12196.4765625,249.0,1.0
020_12_31,4987.029296875,12625.1552734375,242.0,1.0
020_12_32,5009.83642578125,12999.306640625,469.0,0.9999999999999994
020_12_33,4954.75537109375,13373.0478515625,323.0,0.9999999999999999
020_12_34,5043.5419921875,13855.9873046875,255.0,1.0000000000000004
020_12_35,4991.44384765625,14191.3349609375,539.0,0.9999999999999996
020_12_36,4984.28564453125,14601.7431640625,626.0,1.0000000000000002
020_12_37,4982.77978515625,14981.1796875,458.0,0.9999999999999998
020_12_38,4988.01220703125,15413.1083984375,442.0,0.999999999999999
020_12_39,5004.64111328125,15815.56640625,529.0,1.000000000000001
020_12_40,4993.541015625,16195.1591796875,862.0,0.9999999999999998
020_12_41,4999.41064453125,16603.26953125,751.0,1.0000000000000002
020_12_42,4982.4873046875,16994.640625,705.0,1.0000000000000002
020_12_43,5014.97412109375,17380.44140625,446.0,1.0000000000000009
020_12_44,5030.28271484375,17775.322265625,289.0,0.9999999999999991
020_12_45,5044.759765625,18124.009765625,266.0,1.0
020_12_46,4953.3076171875,18714.220703125,130.0,1.0000000000000007
020_12_47,4943.2236328125,18808.92578125,24.0,0.9999999999999998
020_13_2,5319.83984375,1109.942138671875,24.0,1.0
020_13_3,5340.6318359375,1279.7001953125,13.0,0.9999999999999996
020_13_15,5471.9375,6233.02734375,7.0,1.0
020_13_16,5396.95751953125,6606.46484375,35.0,0.9999999999999992
020_13_17,5366.11279296875,7091.52734375,18.0,0.9999999999999999
020_13_18,5334.71044921875,7346.1044921875,71.0,0.9999999999999996
020_13_19,5407.64111328125,7767.9453125,57.0,1.0000000000000007
020_13_20,5488.78662109375,8251.41015625,12.0,0.9999999999999996
020_13_21,5338.59375,8609.6953125,78.0,0.9999999999999997
020_13_22,5375.3564453125,9078.046875,56.0,0.9999999999999992
020_13_23,5446.40380859375,9396.4775390625,166.0,1.0
020_13_24,5402.7734375,9802.056640625,219.0,1.0000000000000002
020_13_25,5391.1826171875,10171.685546875,182.0,0.9999999999999996
020_13_26,5425.71875,10588.4169921875,183.0,1.0000000000000004
020_13_27,5416.525390625,11005.091796875,249.0,0.9999999999999988
020_13_28,5390.39892578125,11399.1533203125,263.0,1.0
020_13_29,5399.40576171875,11779.712890625,220.0,0.9999999999999998
020_13_30,5394.10107421875,12195.98828125,225.0,1.0000000000000002
020_13_31,5399.4638671875,12601.98828125,243.0,1.0
020_13_32,5375.40478515625,13015.056640625,378.0,0.9999999999999996
020_13_33,5399.49658203125,13392.2841796875,499.0,1.0000000000000004
020_13_34,5390.5390625,13781.5634765625,376.0,0.9999999999999993
020_13_35,5402.36328125,14210.1767578125,474.0,0.9999999999999997
020_13_36,5361.30322265625,14590.427734375,532.0,1.000000000000002
020_13_37,5306.7626953125,14987.0224609375,269.0,1.0000000000000007
020_13_38,5401.97509765625,15461.126953125,374.0,0.9999999999999997
020_13_39,5401.06494140625,15793.00390625,665.0,1.0
020_13_40,5385.24462890625,16195.4072265625,691.0,0.9999999999999992
020_13_41,5416.751953125,16605.27734375,669.0,1.0
020_13_42,5403.66455078125,16989.1953125,654.0,1.0000000000000009
020_13_43,5369.7548828125,17378.65625,710.0,1.0000000000000004
020_13_44,5396.2978515625,17790.84765625,643.0,1.0000000000000002
020_13_45,5403.26904296875,18119.494140625,364.0,0.9999999999999996
020_13_46,5501.09033203125,18669.77734375,39.0,1.0000000000000002
020_14_16,5752.89697265625,6710.40673828125,21.0,1.0000000000000007
020_14_17,5809.244140625,6968.5126953125,7.0,1.0
020_14_18,5710.16455078125,7344.13134765625,6.0,1.0
020_14_19,5782.86181640625,7743.86767578125,38.0,1.0000000000000002
020_14_20,5847.92236328125,8285.01953125,57.0,1.0000000000000004
020_14_21,5805.3125,8577.2802734375,97.0,0.9999999999999996
020_14_22,5800.22119140625,9050.2763671875,98.0,0.9999999999999994
020_14_23,5784.04296875,9423.8857421875,151.0,1.0000000000000007
020_14_24,5810.1279296875,9820.662109375,271.0,1.0000000000000004
020_14_25,5811.25244140625,10153.115234375,202.0,0.9999999999999991
020_14_26,5807.78564453125,10582.033203125,167.0,1.000000000000001
020_14_27,5787.45068359375,11044.5263671875,161.0,0.9999999999999987
020_14_28,5804.31005859375,11394.265625,285.0,0.9999999999999999
020_14_29,5777.12060546875,11770.875,200.0,0.9999999999999993
020_14_30,5795.1455078125,12207.7939453125,164.0,0.9999999999999987
020_14_31,5812.478515625,12584.669921875,157.0,0.9999999999999997
020_14_32,5777.82958984375,13032.240234375,241.0,1.000000000000001
020_14_33,5777.8564453125,13383.6025390625,276.0,1.0000000000000002
020_14_34,5800.486328125,13818.396484375,431.0,1.0
020_14_35,5808.48193359375,14185.259765625,322.0,1.0000000000000007
020_14_36,5836.8212890625,14641.53125,317.0,1.0000000000000009
020_14_37,5820.6201171875,14967.3583984375,457.0,0.9999999999999997
020_14_38,5735.7568359375,15482.9677734375,265.0,1.0000000000000002
020_14_39,5775.36572265625,15793.552734375,649.0,1.0000000000000009
020_14_40,5808.662109375,16206.0947265625,700.0,1.0000000000000013
020_14_41,5787.380859375,16596.177734375,697.0,1.0
020_14_42,5769.4306640625,17004.73046875,556.0,0.9999999999999988
020_14_43,5787.0283203125,17379.498046875,283.0,1.0000000000000002
020_14_44,5810.78955078125,17813.67578125,503.0,1.0
020_14_45,5809.95703125,18177.251953125,556.0,0.9999999999999989
020_14_46,5860.64306640625,18514.19140625,210.0,1.0000000000000002
020_15_16,6210.365234375,6745.0595703125,13.0,1.0
020_15_17,6185.9140625,6956.79150390625,39.0,1.0000000000000004
020_15_18,6254.294921875,7463.23681640625,34.0,1.000000000000002
020_15_19,6193.55126953125,7787.0791015625,74.0,0.9999999999999999
020_15_20,6202.25341796875,8160.03173828125,61.0,1.0000000000000002
020_15_21,6194.4794921875,8676.86328125,104.0,1.0000000000000007
020_15_22,6197.3076171875,9012.9853515625,222.0,1.0000000000000009
020_15_23,6210.01123046875,9382.396484375,265.0,1.0000000000000009
020_15_24,6169.5078125,9793.6083984375,229.0,0.9999999999999987
020_15_25,6183.080078125,10175.689453125,146.0,1.0
020_15_26,6155.9609375,10623.736328125,88.0,0.9999999999999994
020_15_27,6196.41162109375,11047.12890625,155.0,1.0000000000000002
020_15_28,6203.83642578125,11398.751953125,215.0,1.0000000000000007
020_15_29,6188.21533203125,11799.259765625,173.0,0.9999999999999994
020_15_30,6221.85107421875,12203.9287109375,141.0,1.0000000000000002
020_15_31,6181.55419921875,12581.03515625,150.0,1.0000000000000004
020_15_32,6199.556640625,12996.498046875,161.0,1.0000000000000002
020_15_33,6185.8486328125,13370.9150390625,222.0,0.9999999999999998
020_15_34,6156.08740234375,13846.12890625,284.0,0.9999999999999997
020_15_35,6151.044921875,14155.626953125,253.0,1.0000000000000004
020_15_36,6152.69921875,14640.4619140625,307.0,0.9999999999999989
020_15_37,6139.4072265625,14945.673828125,265.0,1.0000000000000004
020_15_38,6209.884765625,15447.294921875,332.0,0.9999999999999996
020_15_39,6205.23828125,15807.9453125,346.0,0.9999999999999994
020_15_40,6167.5439453125,16208.5126953125,528.0,0.9999999999999997
020_15_41,6188.10986328125,16587.708984375,476.0,1.0000000000000002
020_15_42,6221.71826171875,17009.134765625,714.0,1.0
020_15_43,6193.97314453125,17375.94140625,564.0,1.0000000000000002
020_15_44,6193.2685546875,17801.630859375,686.0,1.0
020_15_45,6212.05859375,18186.583984375,587.0,1.0
020_15_46,6100.4287109375,18460.951171875,132.0,0.9999999999999998
020_16_4,6681.84619140625,1938.44580078125,75.0,0.9999999999999996
020_16_5,6608.962890625,2067.44287109375,33.0,1.0000000000000004
020_16_16,6459.6787109375,6723.50244140625,6.0,1.0
020_16_18,6475.07373046875,7469.90673828125,39.0,1.0000000000000007
020_16_19,6698.18994140625,7856.5888671875,185.0,0.9999999999999994
020_16_20,6687.26513671875,8110.26416015625,55.0,0.9999999999999992
020_16_21,6614.482421875,8683.2578125,47.0,0.9999999999999999
020_16_22,6560.1953125,9063.52734375,137.0,1.0000000000000002
020_16_23,6620.5146484375,9408.9169921875,300.0,0.9999999999999997
020_16_24,6662.70068359375,9723.06640625,104.0,0.9999999999999993
020_16_25,6420.81982421875,10124.14453125,10.0,0.9999999999999996
020_16_26,6541.49072265625,10724.5048828125,44.0,0.9999999999999993
020_16_27,6623.58642578125,11020.828125,193.0,0.9999999999999994
020_16_28,6597.8681640625,11390.8505859375,207.0,1.0000000000000009
020_16_29,6592.5615234375,11828.6142578125,157.0,1.0000000000000007
020_16_30,6604.54345703125,12206.6318359375,151.0,1.0000000000000007
020_16_31,6608.66796875,12610.8330078125,128.0,0.9999999999999988
020_16_32,6595.41259765625,13012.38671875,160.0,0.9999999999999998
020_16_33,6602.9375,13419.49609375,188.0,1.0000000000000002
020_16_34,6594.23681640625,13803.4599609375,209.0,1.0000000000000004
020_16_35,6594.88134765625,14207.4638671875,290.0,0.9999999999999991
020_16_36,6589.2666015625,14639.23828125,432.0,0.9999999999999993
020_16_37,6614.064453125,14951.166015625,395.0,0.9999999999999999
020_16_38,6569.14990234375,15464.0693359375,143.0,0.9999999999999999
020_16_39,6557.75830078125,15781.6005859375,211.0,0.9999999999999998
020_16_40,6606.5517578125,16247.6865234375,567.0,1.0000000000000004
020_16_41,6599.79052734375,16600.26953125,779.0,1.0000000000000002
020_16_42,6597.2578125,16997.779296875,868.0,0.9999999999999988
020_16_43,6599.2998046875,17395.58203125,718.0,0.9999999999999981
020_16_44,6597.57568359375,17799.021484375,732.0,1.0
020_16_45,6582.49365234375,18141.23828125,488.0,0.9999999999999994
020_17_4,6891.19970703125,1871.83984375,65.0,1.0000000000000004
020_17_17,7104.1796875,7005.23486328125,10.0,0.9999999999999996
020_17_18,7084.7705078125,7423.21826171875,10.0,0.9999999999999996
020_17_19,6911.76953125,7833.515625,181.0,0.9999999999999997
020_17_20,6997.8544921875,8155.56298828125,89.0,0.9999999999999999
020_17_21,7014.05078125,8620.265625,71.0,0.9999999999999997
020_17_22,7001.17041015625,9048.693359375,182.0,0.9999999999999998
020_17_23,7017.1875,9411.861328125,310.0,0.9999999999999996
020_17_24,6991.328125,9742.0302734375,242.0,1.0000000000000002
020_17_27,6993.38525390625,11031.64453125,174.0,1.0000000000000007
020_17_28,6996.6884765625,11384.630859375,212.0,0.999999999999999
020_17_29,7004.4609375,11790.02734375,141.0,0.9999999999999999
020_17_30,6998.59375,12189.21875,178.0,1.0000000000000002
020_17_31,7031.107421875,12615.478515625,262.0,1.0000000000000004
020_17_32,6969.6533203125,12996.099609375,236.0,1.0
020_17_33,7002.46630859375,13383.21484375,220.0,0.9999999999999996
020_17_34,6991.19482421875,13782.955078125,271.0,1.0000000000000002
020_17_35,6944.80908203125,14248.30078125,249.0,1.0
020_17_36,6939.13232421875,14582.8701171875,446.0,0.9999999999999994
020_17_37,6904.4287109375,14994.28515625,313.0,0.999999999999999
020_17_38,6988.51904296875,15308.87109375,227.0,1.0000000000000007
020_17_39,7042.85546875,15899.6904296875,194.0,1.000000000000001
020_17_40,7002.38720703125,16223.140625,472.0,1.0000000000000009
020_17_41,6978.34765625,16613.912109375,634.0,1.0
020_17_42,6994.21044921875,16991.54296875,845.0,0.999999999999999
020_17_43,7002.58544921875,17399.099609375,714.0,0.9999999999999998
020_17_44,6997.50146484375,17810.330078125,610.0,0.9999999999999994
020_17_45,6987.701171875,18100.212890625,283.0,1.0000000000000007
020_18_6,7570.95166015625,2595.286865234375,5.0,1.0
020_18_17,7372.7822265625,7056.59521484375,24.0,0.9999999999999999
020_18_18,7516.29638671875,7349.501953125,10.0,1.0000000000000002
020_18_19,7400.29248046875,7853.53173828125,36.0,0.9999999999999996
020_18_20,7362.23291015625,8190.57763671875,77.0,0.9999999999999999
020_18_21,7348.421875,8599.4345703125,73.0,0.9999999999999992
020_18_22,7384.16845703125,9063.5419921875,134.0,0.9999999999999999
020_18_23,7381.32861328125,9399.1796875,282.0,0.9999999999999999
020_18_24,7381.177734375,9754.00390625,258.0,1.0000000000000004
020_18_27,7394.2607421875,11036.359375,169.0,1.0000000000000007
020_18_28,7417.66650390625,11374.9765625,167.0,0.9999999999999998
020_18_29,7418.85546875,11805.6689453125,139.0,0.9999999999999989
020_18_30,7381.3935546875,12225.42578125,199.0,1.000000000000001
020_18_31,7317.79931640625,12521.0947265625,186.0,1.0000000000000002
020_18_32,7478.13720703125,13065.744140625,132.0,0.9999999999999997
020_18_33,7495.5234375,13395.013671875,211.0,0.9999999999999998
020_18_34,7379.50830078125,13776.87890625,139.0,1.0000000000000002
020_18_35,7377.29541015625,14237.046875,45.0,0.9999999999999998
020_18_36,7404.9521484375,14547.810546875,116.0,0.9999999999999992
020_18_38,7257.845703125,15534.515625,88.0,1.0000000000000007
020_18_39,7365.22900390625,15837.236328125,210.0,1.000000000000001
020_18_40,7368.96533203125,16229.2001953125,527.0,1.0000000000000013
020_18_41,7401.533203125,16550.705078125,462.0,0.9999999999999994
020_18_42,7358.423828125,17006.22265625,448.0,1.0000000000000002
020_18_43,7400.30322265625,17433.634765625,655.0,1.0000000000000002
020_18_44,7365.125,17759.38671875,539.0,0.9999999999999993
020_18_45,7269.1328125,18037.349609375,44.0,0.9999999999999998
020_19_5,7818.576171875,2276.89404296875,29.0,0.9999999999999994
020_19_6,7817.23193359375,2596.555908203125,33.0,0.9999999999999998
020_19_17,7833.609375,7005.0068359375,16.0,0.9999999999999994
020_19_18,7815.59130859375,7318.43798828125,38.0,1.0000000000000007
020_19_19,7785.125,7783.568359375,17.0,0.9999999999999992
020_19_20,7807.15380859375,8239.4990234375,65.0,1.0000000000000007
020_19_21,7768.19970703125,8582.072265625,55.0,1.0
020_19_22,7845.142578125,9089.09765625,120.0,1.0
020_19_23,7792.81201171875,9406.0263671875,247.0,0.9999999999999998
020_19_24,7808.94384765625,9791.6220703125,181.0,0.9999999999999999
020_19_25,7858.49072265625,10034.607421875,12.0,0.9999999999999999
020_19_27,7785.40673828125,11048.3125,138.0,0.9999999999995449
020_19_28,7803.203125,11387.943359375,193.0,1.0
020_19_29,7803.50244140625,11813.7470703125,214.0,0.9999999999999996
020_19_30,7789.3369140625,12105.1865234375,105.0,1.0000000000000007
020_19_33,7655.6533203125,13441.3720703125,48.0,1.0000000000000002
020_19_34,7830.56787109375,13774.1220703125,317.0,1.0000000000000002
020_19_35,7871.13623046875,14175.8408203125,135.0,1.0000000000000002
020_19_36,7968.57568359375,14706.3525390625,50.0,1.0000000000000004
020_19_37,7941.7314453125,15018.8818359375,118.0,1.0
020_19_38,7903.55615234375,15424.2060546875,161.0,0.9999999999999998
020_19_39,7855.68896484375,15793.205078125,459.0,1.0
020_19_40,7854.7265625,16181.068359375,372.0,0.9999999999999998
020_19_41,7777.9091796875,16569.91015625,330.0,1.0000000000000004
020_19_42,7766.021484375,17022.39453125,256.0,0.9999999999999993
020_19_43,7717.66015625,17403.814453125,239.0,0.9999999999999986
020_19_44,7726.3173828125,17631.44140625,19.0,1.0
020_20_5,8140.30029296875,2278.75927734375,35.0,0.9999999999999997
020_20_6,8110.66796875,2532.602783203125,18.0,0.9999999999999999
020_20_15,8300.87109375,6287.37060546875,15.0,0.9999999999999992
020_20_16,8177.94873046875,6592.08935546875,18.0,0.9999999999999992
020_20_17,8206.84375,6991.677734375,20.0,1.0000000000000002
020_20_18,8183.236328125,7302.9580078125,18.0,0.9999999999999999
020_20_19,8192.787109375,7829.89892578125,36.0,1.000000000000001
020_20_20,8204.33203125,8228.2529296875,69.0,1.0000000000000004
020_20_21,8171.93310546875,8564.5234375,36.0,0.9999999999999992
020_20_22,8230.7646484375,9053.0869140625,203.0,1.0000000000000007
020_20_23,8198.728515625,9400.98046875,244.0,0.9999999999999998
020_20_24,8210.3798828125,9805.7685546875,327.0,0.9999999999999996
020_20_25,8258.669921875,10120.390625,144.0,1.0000000000000007
020_20_26,8266.537109375,10591.890625,193.0,0.9999999999999999
020_20_27,8219.6923828125,11013.5068359375,204.0,1.0000000000000007
020_20_28,8191.10009765625,11377.09765625,216.0,1.0000000000000002
020_20_29,8205.642578125,11818.556640625,241.0,1.0000000000000004
020_20_30,8225.7470703125,12176.5009765625,182.0,1.0000000000000004
020_20_31,8318.86328125,12534.5068359375,81.0,1.0000000000000016
020_20_32,8111.9375,13136.390625,34.0,1.0
020_20_33,8200.7470703125,13458.65625,226.0,0.9999999999999996
020_20_34,8144.42919921875,13784.41015625,378.0,0.9999999999999999
020_20_35,8174.2587890625,14208.4443359375,231.0,1.0000000000000009
020_20_36,8207.544921875,14601.1025390625,469.0,1.0000000000000002
020_20_37,8160.61865234375,14956.6474609375,173.0,1.0000000000000002
020_20_38,8090.36083984375,15453.751953125,129.0,1.0
020_20_39,8174.5302734375,15825.3720703125,293.0,1.0000000000000009
020_20_40,8194.0810546875,16216.255859375,552.0,0.9999999999999997
020_20_41,8201.1044921875,16573.6875,415.0,1.0000000000000004
020_20_42,8224.3330078125,16919.208984375,181.0,0.9999999999999998
020_21_9,8644.861328125,3844.720458984375,6.0,1.0
020_21_15,8561.3564453125,6190.435546875,20.0,0.9999999999999999
020_21_16,8537.458984375,6516.7236328125,13.0,0.9999999999999998
020_21_17,8625.66796875,6920.53173828125,6.0,1.0
020_21_18,8568.7529296875,7385.86865234375,13.0,0.9999999999999998
020_21_19,8639.6484375,7834.86669921875,37.0,0.9999999999999999
020_21_20,8557.7841796875,8131.25439453125,35.0,1.0
020_21_21,8649.7919921875,8644.767578125,141.0,0.9999999999999999
020_21_22,8614.87109375,8986.615234375,206.0,1.0000000000000002
020_21_23,8602.873046875,9392.8505859375,181.0,1.0000000000000002
020_21_24,8574.7890625,9787.03515625,213.0,1.0000000000000009
020_21_25,8563.162109375,10186.1689453125,177.0,1.0000000000000004
020_21_26,8551.8203125,10573.9580078125,181.0,0.9999999999999996
020_21_27,8607.232421875,11019.173828125,222.0,1.0000000000000002
020_21_28,8593.337890625,11396.55859375,238.0,0.9999999999999997
020_21_29,8611.072265625,11825.8046875,254.0,1.0000000000000002
020_21_30,8591.8212890625,12186.1513671875,212.0,1.0000000000000018
020_21_31,8585.9248046875,12577.8662109375,331.0,0.9999999999999992
020_21_32,8650.9599609375,13051.505859375,195.0,1.0
020_21_33,8638.5654296875,13417.669921875,456.0,0.9999999999999997
020_21_34,8561.732421875,13798.59375,296.0,1.0000000000000002
020_21_35,8605.7392578125,14194.111328125,291.0,1.0000000000000007
020_21_36,8621.3740234375,14608.322265625,538.0,1.0000000000000004
020_21_37,8676.869140625,15000.3955078125,439.0,1.0000000000000002
020_21_38,8629.259765625,15358.548828125,299.0,0.9999999999999997
020_21_39,8522.935546875,15802.419921875,173.0,1.0000000000000002
020_21_40,8590.87890625,16192.58984375,470.0,0.9999999999999992
020_21_41,8599.9189453125,16608.09375,518.0,1.0000000000000016
020_21_42,8646.5263671875,16894.708984375,155.0,1.0000000000000004
020_22_13,8984.4296875,5422.05712890625,9.0,1.0000000000000004
020_22_14,8958.4052734375,5750.93798828125,6.0,1.0
020_22_17,9118.8876953125,7154.83837890625,9.0,0.9999999999999996
020_22_18,9035.0634765625,7402.72705078125,26.0,0.9999999999999993
020_22_19,9009.3779296875,7798.41943359375,41.0,1.0
020_22_20,8964.2001953125,8096.017578125,22.0,0.9999999999999998
020_22_21,8967.900390625,8640.82421875,149.0,1.0000000000000007
020_22_22,8988.6884765625,8989.0634765625,230.0,0.9999999999999989
020_22_23,8992.4423828125,9404.14453125,190.0,0.9999999999999993
020_22_24,9019.275390625,9810.7294921875,144.0,0.9999999999999999
020_22_25,9010.638671875,10202.162109375,203.0,0.9999999999999991
020_22_26,9004.541015625,10630.6787109375,122.0,1.000000000000001
020_22_27,8980.6708984375,10978.970703125,224.0,0.9999999999999998
020_22_28,9017.7255859375,11406.3095703125,161.0,0.9999999999999999
020_22_29,9023.0029296875,11826.560546875,268.0,1.0000000000000002
020_22_30,9022.0546875,12191.421875,214.0,1.0000000000000007
020_22_31,9083.1357421875,12595.6669921875,386.0,0.9999999999999998
020_22_32,8985.888671875,13025.494140625,157.0,0.9999999999999999
020_22_33,8976.7626953125,13367.5166015625,182.0,0.9999999999999996
020_22_34,9024.486328125,13829.4921875,186.0,1.0000000000000004
020_22_35,9008.6875,14233.7646484375,397.0,1.0000000000000007
020_22_36,8992.7001953125,14610.1796875,545.0,1.0000000000000002
020_22_37,9014.4453125,14998.3984375,689.0,1.000000000000001
020_22_38,8990.322265625,15405.4541015625,710.0,1.0000000000000007
020_22_39,9015.4677734375,15802.6455078125,682.0,0.9999999999999992
020_22_40,9014.185546875,16208.6298828125,765.0,0.9999999999999999
020_22_41,8996.107421875,16606.9375,740.0,1.0000000000000004
020_22_42,9011.6025390625,16914.595703125,454.0,1.0000000000000004
020_22_43,9085.7197265625,17448.38671875,357.0,1.0000000000000002
020_22_44,9101.94921875,17747.55078125,211.0,1.0000000000000004
020_23_7,9504.0498046875,3140.837890625,6.0,1.0
020_23_8,9419.9736328125,3264.0458984375,5.0,1.0
020_23_12,9400.083984375,5075.892578125,5.0,1.0
020_23_14,9399.578125,5757.57177734375,10.0,1.0000000000000002
020_23_17,9356.080078125,7044.109375,16.0,0.9999999999999997
020_23_18,9281.5537109375,7374.201171875,9.0,1.0000000000000002
020_23_19,9319.6474609375,7814.82470703125,9.0,1.0000000000000002
020_23_21,9265.609375,8703.5078125,20.0,0.9999999999999998
020_23_22,9342.9765625,9000.958984375,28.0,1.0000000000000004
020_23_23,9329.91796875,9437.2734375,89.0,1.0000000000000007
020_23_24,9350.5869140625,9814.525390625,129.0,1.0000000000000009
020_23_25,9328.94140625,10154.8857421875,78.0,1.0000000000000002
020_23_26,9457.5068359375,10597.998046875,105.0,1.0000000000000007
020_23_27,9376.6923828125,11012.9814453125,416.0,1.0000000000000002
020_23_28,9377.3916015625,11369.814453125,152.0,0.9999999999999999
020_23_29,9443.3173828125,11832.171875,174.0,0.9999999999999984
020_23_30,9413.26171875,12206.396484375,231.0,0.9999999999999992
020_23_31,9346.408203125,12615.1435546875,659.0,1.0000000000000002
020_23_32,9366.3134765625,12982.869140625,380.0,1.0000000000000009
020_23_33,9463.359375,13419.21875,340.0,1.0000000000000007
020_23_34,9417.9443359375,13835.42578125,385.0,1.000000000000001
020_23_35,9426.2392578125,14187.9619140625,696.0,1.0000000000000007
020_23_36,9431.3525390625,14612.625,436.0,1.0000000000000009
020_23_37,9389.2822265625,15022.8173828125,657.0,1.0
020_23_38,9393.7138671875,15379.931640625,672.0,1.0000000000000004
020_23_39,9395.1298828125,15807.6025390625,649.0,1.0000000000000002
020_23_40,9388.240234375,16206.9736328125,806.0,1.0000000000000016
020_23_41,9399.0849609375,16597.470703125,790.0,1.0000000000000009
020_23_42,9380.2421875,16911.1953125,306.0,1.0000000000000002
020_23_43,9407.8720703125,17407.046875,782.0,0.9999999999999997
020_23_44,9387.6171875,17767.1015625,363.0,0.9999999999999996
020_23_45,9470.2294921875,18071.701171875,19.0,1.0
020_24_7,9876.427734375,3016.79736328125,30.0,0.9999999999999997
020_24_8,9855.3994140625,3320.863037109375,23.0,1.0000000000000007
020_24_15,9846.7685546875,6337.51123046875,9.0,1.0
020_24_16,9874.5439453125,6503.94921875,31.0,1.0000000000000002
020_24_18,9966.2822265625,7479.181640625,26.0,1.0000000000000002
020_24_19,9919.0966796875,7841.509765625,261.0,0.9999999999999997
020_24_20,9883.8359375,8232.486328125,272.0,1.0000000000000002
020_24_21,9859.53125,8596.2685546875,347.0,1.0
020_24_22,9883.3701171875,8980.9189453125,263.0,1.0000000000000004
020_24_23,9902.8994140625,9371.771484375,93.0,0.9999999999999988
020_24_24,9780.5146484375,9852.107421875,41.0,0.9999999999999999
020_24_25,9758.373046875,10206.9921875,31.0,1.0000000000000004
020_24_26,9834.001953125,10574.927734375,96.0,0.9999999999999991
020_24_27,9768.32421875,11070.1396484375,130.0,1.0000000000000002
020_24_28,9752.9345703125,11357.83203125,209.0,1.0000000000000002
020_24_29,9825.0166015625,11765.2548828125,295.0,0.9999999999999991
020_24_30,9778.9326171875,12208.185546875,164.0,0.9999999999999992
020_24_31,9777.19921875,12535.8642578125,120.0,1.0000000000000009
020_24_32,9812.3251953125,13077.365234375,286.0,1.0
020_24_33,9814.0908203125,13392.5341796875,465.0,0.9999999999999992
020_24_34,9829.9912109375,13787.822265625,534.0,0.9999999999999999
020_24_35,9795.9677734375,14182.6962890625,677.0,0.999999999999999
020_24_36,9800.8486328125,14605.9765625,652.0,1.0000000000000007
020_24_37,9818.2421875,14999.2607421875,748.0,1.0000000000000007
020_24_38,9809.2685546875,15394.857421875,798.0,1.0000000000000007
020_24_39,9789.8427734375,15813.3916015625,786.0,1.0000000000000009
020_24_40,9799.25,16196.873046875,829.0,1.0000000000000002
020_24_41,9792.0078125,16578.029296875,746.0,1.0000000000000002
020_24_42,9830.029296875,17070.45703125,412.0,1.0
020_24_43,9798.677734375,17392.314453125,859.0,0.9999999999999996
020_24_44,9804.0283203125,17725.826171875,318.0,1.0
020_24_45,9738.318359375,18021.97265625,7.0,1.0
020_25_6,10170.4326171875,2780.38671875,9.0,1.0000000000000002
020_25_7,10204.8974609375,2985.494384765625,43.0,0.9999999999999993
020_25_8,10065.3232421875,3248.978515625,14.0,1.0000000000000002
020_25_15,10193.4404296875,6233.2314453125,23.0,1.000000000000001
020_25_16,10123.04296875,6509.5390625,22.0,0.9999999999999994
020_25_17,10252.2509765625,7069.0673828125,178.0,1.0000000000000004
020_25_18,10217.728515625,7390.9169921875,520.0,1.0
020_25_19,10184.4921875,7805.78173828125,735.0,1.0000000000000007
020_25_20,10192.759765625,8222.857421875,571.0,1.0000000000000009
020_25_21,10208.1279296875,8625.55859375,663.0,1.0000000000000007
020_25_22,10189.369140625,8991.7998046875,629.0,1.0000000000000002
020_25_23,10210.541015625,9396.8994140625,473.0,0.9999999999999992
020_25_24,10281.6103515625,9715.6845703125,292.0,1.0
020_25_25,10199.75390625,10208.84375,21.0,0.9999999999999994
020_25_26,10188.205078125,10658.298828125,58.0,0.9999999999999997
020_25_27,10199.18359375,11009.6728515625,221.0,0.9999999999999994
020_25_28,10235.58984375,11377.55078125,138.0,1.0000000000000007
020_25_29,10180.9931640625,11759.099609375,218.0,0.9999999999999994
020_25_30,10242.6455078125,12203.9619140625,202.0,0.9999999999999991
020_25_31,10276.3154296875,12570.544921875,154.0,1.0000000000000007
020_25_32,10230.9619140625,13008.896484375,571.0,0.9999999999999993
020_25_33,10196.8388671875,13399.451171875,654.0,0.999999999999999
020_25_34,10197.7490234375,13797.5390625,713.0,1.0000000000000004
020_25_35,10218.8740234375,14195.9482421875,733.0,0.999999999999999
020_25_36,10207.96484375,14600.7421875,782.0,0.9999999999999998
020_25_37,10206.9111328125,14992.7548828125,751.0,1.0000000000000007
020_25_38,10209.1689453125,15419.7353515625,750.0,1.0000000000000007
020_25_39,10200.779296875,15808.3154296875,724.0,1.0000000000000016
020_25_40,10201.2275390625,16199.68359375,832.0,0.9999999999999989
020_25_41,10109.1796875,16501.10546875,287.0,1.0000000000000009
020_25_42,10198.212890625,17100.455078125,446.0,1.0000000000000009
020_25_43,10188.6015625,17385.953125,677.0,0.9999999999999994
020_25_44,10080.8720703125,17691.361328125,106.0,1.0
020_26_14,10701.2705078125,5835.6259765625,17.0,1.0
020_26_15,10645.037109375,6148.76220703125,26.0,1.0000000000000002
020_26_16,10652.322265625,6658.1923828125,224.0,1.0
020_26_17,10605.7861328125,6991.7294921875,325.0,1.0
020_26_18,10584.947265625,7406.29736328125,355.0,0.9999999999999998
020_26_19,10599.5361328125,7801.1103515625,432.0,1.000000000000001
020_26_20,10599.970703125,8194.8056640625,553.0,0.9999999999999992
020_26_21,10577.783203125,8584.658203125,589.0,0.9999999999999997
020_26_22,10606.2734375,8998.1279296875,601.0,1.0000000000000016
020_26_23,10601.814453125,9389.396484375,739.0,0.9999999999999998
020_26_24,10593.9482421875,9809.1533203125,922.0,1.0000000000000007
020_26_25,10648.9775390625,10133.6240234375,202.0,1.0000000000000004
020_26_26,10621.0048828125,10594.7822265625,68.0,1.0
020_26_27,10589.1474609375,11071.5322265625,198.0,0.9999999999999998
020_26_28,10592.9443359375,11350.595703125,249.0,0.9999999999999998
020_26_29,10568.990234375,11834.328125,169.0,1.0000000000000002
020_26_30,10615.623046875,12187.0869140625,571.0,0.9999999999999997
020_26_31,10632.2626953125,12623.21484375,572.0,1.0000000000000002
020_26_32,10583.380859375,13020.2490234375,595.0,1.0000000000000002
020_26_33,10582.333984375,13393.7802734375,434.0,0.9999999999999992
020_26_34,10590.69140625,13829.1318359375,463.0,1.0000000000000007
020_26_35,10599.3994140625,14202.1611328125,890.0,0.9999999999999996
020_26_36,10600.8798828125,14600.5224609375,861.0,0.9999999999999992
020_26_37,10595.6220703125,15010.453125,778.0,0.9999999999999999
020_26_38,10600.4453125,15398.900390625,842.0,1.0
020_26_39,10586.3466796875,15792.2294921875,643.0,0.9999999999999993
020_26_40,10499.818359375,16120.3935546875,278.0,1.0
020_26_42,10459.9609375,17082.630859375,123.0,0.9999999999999998
020_26_43,10429.8955078125,17274.37890625,38.0,1.0
020_27_13,10968.78515625,5435.1025390625,13.0,0.9999999999999998
020_27_14,10979.0185546875,5786.2666015625,26.0,0.9999999999999996
020_27_15,11044.0751953125,6314.71435546875,130.0,1.0000000000000007
020_27_16,11024.9208984375,6607.61767578125,529.0,0.9999999999999993
020_27_17,11025.37890625,7009.66015625,470.0,1.0000000000000007
020_27_18,10985.48828125,7391.14306640625,414.0,1.0000000000000004
020_27_19,10936.9609375,7698.28466796875,183.0,1.0000000000000007
020_27_20,11092.1845703125,8249.6318359375,289.0,1.0
020_27_21,11024.9404296875,8619.3115234375,624.0,0.9999999999999996
020_27_22,11006.66796875,9009.0771484375,754.0,0.9999999999999999
020_27_23,11014.8125,9395.728515625,916.0,0.9999999999999987
020_27_24,10975.3779296875,9789.4697265625,691.0,1.0000000000000004
020_27_25,11027.6064453125,10205.1953125,539.0,1.0000000000000002
020_27_26,11025.1796875,10553.966796875,220.0,0.9999999999999992
020_27_27,10958.322265625,11031.9130859375,184.0,0.9999999999999998
020_27_28,11031.2294921875,11373.8779296875,240.0,1.0000000000000007
020_27_29,11040.326171875,11814.9287109375,351.0,1.0000000000000002
020_27_30,10966.5322265625,12204.033203125,602.0,0.9999999999999996
020_27_31,11024.5234375,12580.4296875,463.0,1.0000000000000018
020_27_32,11010.8916015625,13007.03125,402.0,1.0000000000000002
020_27_33,11012.8603515625,13365.2548828125,418.0,0.9999999999999983
020_27_34,11011.3369140625,13812.1845703125,427.0,1.0000000000000002
020_27_35,10989.5400390625,14204.6240234375,781.0,1.0000000000000004
020_27_36,10995.6318359375,14611.771484375,852.0,1.0000000000000002
020_27_37,11008.35546875,14998.9423828125,828.0,1.0
020_27_38,11016.96484375,15376.2353515625,729.0,1.0000000000000009
020_27_39,11017.90625,15775.8505859375,312.0,0.9999999999999999
020_27_40,11043.650390625,16030.3125,100.0,1.0000000000000002
020_28_13,11308.373046875,5430.986328125,12.0,1.0
020_28_14,11351.0205078125,5752.61572265625,15.0,0.9999999999999991
020_28_15,11416.4013671875,6289.806640625,266.0,0.9999999999999997
020_28_16,11357.458984375,6584.91064453125,336.0,0.9999999999999993
020_28_17,11323.3369140625,6960.0,197.0,1.0000000000000009
020_28_18,11348.173828125,7367.51611328125,111.0,1.0000000000000004
020_28_19,11391.7431640625,7898.6572265625,79.0,0.9999999999999991
020_28_20,11409.859375,8255.2216796875,238.0,0.9999999999999998
020_28_21,11413.392578125,8609.9072265625,796.0,0.9999999999999993
020_28_22,11401.353515625,9000.1142578125,921.0,1.0
020_28_23,11397.4287109375,9391.087890625,866.0,1.0000000000000004
020_28_24,11419.3671875,9766.083984375,576.0,1.0000000000000002
020_28_25,11377.52734375,10194.951171875,485.0,1.0000000000000016
020_28_26,11423.470703125,10588.7744140625,406.0,0.9999999999999996
020_28_27,11438.4111328125,10974.5986328125,274.0,0.9999999999999992
020_28_28,11406.07421875,11437.4990234375,245.0,1.0000000000000004
020_28_29,11409.3837890625,11826.3740234375,432.0,1.0000000000000004
020_28_30,11394.8857421875,12218.681640625,584.0,0.9999999999999997
020_28_31,11449.6123046875,12597.658203125,500.0,0.9999999999999989
020_28_32,11421.5673828125,13016.046875,793.0,0.9999999999999991
020_28_33,11415.1923828125,13376.2255859375,742.0,1.0
020_28_34,11394.9287109375,13822.5283203125,593.0,1.0000000000000007
020_28_35,11389.2958984375,14180.841796875,676.0,1.000000000000001
020_28_36,11387.9296875,14615.259765625,815.0,0.9999999999999993
020_28_37,11396.677734375,15006.9658203125,922.0,1.0000000000000007
020_28_38,11399.2646484375,15386.7158203125,849.0,0.9999999999999992
020_28_39,11400.0830078125,15759.0703125,495.0,1.0000000000000007
020_28_40,11324.8134765625,16016.6845703125,23.0,0.9999999999999998
020_29_12,11790.5478515625,5009.02685546875,11.0,1.0000000000000002
020_29_14,11880.8662109375,5805.572265625,7.0,1.0
020_29_15,11819.6552734375,6244.482421875,376.0,0.9999999999999999
020_29_16,11749.0185546875,6504.27490234375,59.0,0.9999999999999994
020_29_17,11836.7099609375,6960.07080078125,150.0,0.9999999999999999
020_29_18,11781.5302734375,7320.24169921875,7.0,1.0
020_29_19,11790.033203125,7832.10302734375,326.0,0.9999999999999989
020_29_20,11819.529296875,8224.1201171875,735.0,1.0000000000000004
020_29_21,11777.2919921875,8608.47265625,831.0,0.9999999999999998
020_29_22,11793.240234375,8984.1845703125,820.0,0.9999999999999989
020_29_23,11781.1181640625,9391.3115234375,586.0,0.9999999999999994
020_29_24,11809.09765625,9777.4833984375,559.0,1.0000000000000004
020_29_25,11833.51953125,10210.12109375,572.0,1.000000000000001
020_29_26,11816.6142578125,10597.201171875,711.0,1.0
020_29_27,11832.6298828125,11003.76953125,599.0,1.0000000000000007
020_29_28,11849.2119140625,11403.7734375,530.0,1.0
020_29_29,11790.8701171875,11796.4853515625,644.0,1.0000000000000004
020_29_30,11810.31640625,12206.591796875,604.0,0.9999999999999994
020_29_31,11803.98828125,12606.119140625,774.0,1.0000000000000009
020_29_32,11791.84375,12998.4912109375,806.0,1.0000000000000002
020_29_33,11803.0146484375,13394.8203125,871.0,1.0000000000000007
020_29_34,11805.27734375,13794.380859375,760.0,1.0000000000000004
020_29_35,11788.328125,14210.5791015625,541.0,0.9999999999999999
020_29_36,11811.9912109375,14598.4306640625,708.0,1.0
020_29_37,11793.1298828125,14990.5615234375,759.0,1.0000000000000007
020_29_38,11782.19140625,15390.0576171875,653.0,1.0000000000000002
020_29_39,11670.1787109375,15702.130859375,136.0,1.0000000000000002
020_30_14,12293.337890625,5924.41162109375,59.0,1.0000000000000007
020_30_15,12197.2119140625,6196.76025390625,420.0,1.0000000000000007
020_30_16,12207.7529296875,6576.826171875,274.0,1.0
020_30_17,12229.6220703125,7030.89697265625,73.0,0.9999999999999997
020_30_18,12218.6220703125,7581.52734375,46.0,1.0000000000000002
020_30_19,12197.4599609375,7836.23583984375,736.0,0.9999999999999998
020_30_20,12202.380859375,8185.626953125,903.0,1.0000000000000004
020_30_21,12246.1484375,8631.1435546875,601.0,1.0000000000000002
020_30_22,12215.8994140625,8985.3564453125,787.0,1.0000000000000002
020_30_23,12229.73828125,9404.453125,706.0,0.9999999999999997
020_30_24,12198.75390625,9799.06640625,703.0,0.9999999999999979
020_30_25,12198.0380859375,10206.5380859375,778.0,0.9999999999999982
020_30_26,12189.591796875,10602.7099609375,900.0,0.9999999999999992
020_30_27,12188.8564453125,10997.498046875,818.0,1.0
020_30_28,12188.7998046875,11388.7685546875,833.0,1.0000000000000016
020_30_29,12224.6318359375,11785.546875,588.0,1.0000000000000009
020_30_30,12201.958984375,12203.34765625,609.0,1.0000000000000007
020_30_31,12201.630859375,12605.869140625,812.0,0.9999999999999993
020_30_32,12196.7998046875,13000.2265625,754.0,1.0000000000000004
020_30_33,12196.32421875,13408.7412109375,787.0,1.0000000000000004
020_30_34,12193.9453125,13822.369140625,711.0,1.0000000000000009
020_30_35,12209.30859375,14183.033203125,632.0,1.0000000000000007
020_30_36,12207.4892578125,14578.4736328125,714.0,1.0000000000000004
020_30_37,12165.6708984375,14898.1611328125,89.0,1.0000000000000002
020_31_14,12549.197265625,5933.7109375,211.0,1.0000000000000002
020_31_15,12609.392578125,6191.3173828125,511.0,0.9999999999999998
020_31_16,12598.01171875,6492.58447265625,161.0,0.9999999999999989
020_31_17,12545.0,7087.9267578125,29.0,1.0
020_31_18,12721.0751953125,7578.826171875,31.0,0.9999999999999997
020_31_19,12619.0673828125,7816.779296875,637.0,0.9999999999999998
020_31_20,12579.56640625,8191.263671875,806.0,0.9999999999999993
020_31_21,12595.0068359375,8609.5,834.0,1.000000000000002
020_31_22,12601.265625,8991.6640625,798.0,1.0
020_31_23,12598.5078125,9387.4228515625,663.0,0.9999999999999994
020_31_24,12610.1494140625,9809.8603515625,658.0,1.0
020_31_25,12598.486328125,10191.1689453125,749.0,1.0
020_31_26,12595.240234375,10606.0703125,751.0,1.0000000000000016
020_31_27,12594.548828125,11000.001953125,763.0,0.9999999999999993
020_31_28,12600.564453125,11397.3291015625,781.0,0.9999999999999989
020_31_29,12604.0673828125,11808.0322265625,712.0,0.9999999999999988
020_31_30,12605.0322265625,12203.427734375,782.0,1.0000000000000004
020_31_31,12592.4365234375,12612.5498046875,744.0,0.9999999999999982
020_31_32,12593.4873046875,12997.9814453125,797.0,1.0
020_31_33,12604.7587890625,13404.337890625,775.0,1.0000000000000007
020_31_34,12595.919921875,13788.92578125,712.0,1.0000000000000007
020_31_35,12609.6318359375,14208.3359375,807.0,0.9999999999999998
020_31_36,12593.9228515625,14594.5478515625,828.0,0.9999999999999998
020_31_37,12503.76171875,14832.751953125,96.0,0.9999999999999998
020_32_14,12973.9130859375,5946.69775390625,107.0,1.0
020_32_15,12986.2763671875,6208.1494140625,562.0,1.0000000000000002
020_32_16,13022.224609375,6550.58642578125,498.0,1.0000000000000002
020_32_17,12971.4306640625,6939.79638671875,108.0,1.0000000000000002
020_32_18,12993.9150390625,7558.95654296875,81.0,1.0
020_32_19,12998.8876953125,7747.7275390625,441.0,0.9999999999999992
020_32_20,12989.537109375,8234.818359375,525.0,1.0000000000000018
020_32_21,12999.5517578125,8615.4208984375,794.0,0.9999999999999997
020_32_22,13006.4716796875,8997.025390625,804.0,1.0000000000000002
020_32_23,12989.8935546875,9376.189453125,639.0,1.0000000000000002
020_32_24,13002.8095703125,9807.16796875,769.0,1.0000000000000002
020_32_25,13006.9169921875,10183.8876953125,744.0,1.0
020_32_26,13001.337890625,10603.59375,833.0,0.9999999999999986
020_32_27,12999.912109375,11005.6083984375,820.0,1.000000000000001
020_32_28,13006.791015625,11405.4072265625,849.0,1.000000000000001
020_32_29,13008.0078125,11817.8671875,755.0,1.0000000000000002
020_32_30,13005.6142578125,12196.9892578125,828.0,1.000000000000001
020_32_31,13004.71875,12602.197265625,772.0,0.9999999999999997
020_32_32,13006.529296875,12994.6376953125,801.0,1.0
020_32_33,13004.505859375,13408.0126953125,811.0,0.9999999999999996
020_32_34,13003.0458984375,13806.423828125,882.0,0.9999999999999992
020_32_35,12991.26953125,14195.837890625,825.0,0.9999999999999998
020_32_36,12975.7568359375,14529.083984375,543.0,1.0000000000000009
020_33_14,13331.125,5937.57568359375,49.0,0.9999999999999997
020_33_15,13406.3603515625,6207.34326171875,493.0,1.0000000000000002
020_33_16,13422.2734375,6581.6748046875,480.0,1.0000000000000009
020_33_17,13424.5625,6963.00146484375,318.0,0.999999999999999
020_33_18,13254.955078125,7584.53515625,16.0,1.0000000000000004
020_33_19,13344.56640625,7766.1865234375,344.0,0.9999999999999998
020_33_20,13415.01953125,8274.0966796875,363.0,0.9999999999999988
020_33_21,13395.171875,8606.107421875,841.0,1.0000000000000002
020_33_22,13390.90234375,8982.5078125,728.0,0.9999999999999996
020_33_23,13417.73046875,9411.8828125,647.0,0.9999999999999989
020_33_24,13400.7314453125,9802.0595703125,787.0,1.0000000000000013
020_33_25,13389.6630859375,10201.1318359375,741.0,1.0000000000000004
020_33_26,13396.8564453125,10607.3095703125,777.0,0.9999999999999998
020_33_27,13399.6259765625,10994.5732421875,813.0,0.9999999999999991
020_33_28,13404.9755859375,11394.1376953125,819.0,1.0000000000000009
020_33_29,13395.884765625,11798.771484375,792.0,0.9999999999999991
020_33_30,13402.99609375,12190.837890625,763.0,0.999999999999999
020_33_31,13403.3046875,12602.30859375,758.0,0.9999999999999993
020_33_32,13399.05078125,13004.4501953125,907.0,0.9999999999999998
020_33_33,13394.7890625,13391.494140625,890.0,0.9999999999999994
020_33_34,13400.8525390625,13797.931640625,923.0,0.9999999999999994
020_33_35,13400.3251953125,14178.1240234375,683.0,0.9999999999999999
020_33_36,13344.474609375,14466.8076171875,118.0,1.0
020_34_15,13793.6884765625,6240.77587890625,335.0,1.0000000000000002
020_34_16,13842.4306640625,6599.63916015625,423.0,0.9999999999999988
020_34_17,13782.94921875,6973.07958984375,518.0,0.9999999999999997
020_34_18,13935.966796875,7370.21533203125,155.0,1.0000000000000009
020_34_20,13714.7265625,8302.384765625,217.0,0.9999999999999998
020_34_21,13794.3994140625,8610.9892578125,797.0,1.0
020_34_22,13805.42578125,9002.8046875,765.0,0.9999999999999989
020_34_23,13797.3154296875,9394.64453125,845.0,0.9999999999999998
020_34_24,13803.291015625,9801.0341796875,818.0,0.9999999999999998
020_34_25,13809.521484375,10201.4345703125,846.0,0.9999999999999996
020_34_26,13800.087890625,10596.423828125,846.0,1.0000000000000002
020_34_27,13800.1533203125,11003.232421875,784.0,1.0000000000000002
020_34_28,13796.724609375,11399.587890625,839.0,1.000000000000001
020_34_29,13800.521484375,11802.4609375,802.0,1.0000000000000007
020_34_30,13805.9169921875,12185.0380859375,809.0,0.9999999999999984
020_34_31,13796.7939453125,12612.716796875,796.0,0.9999999999999993
020_34_32,13796.54296875,13011.0048828125,886.0,1.0000000000000009
020_34_33,13804.361328125,13397.7353515625,950.0,0.9999999999999997
020_34_34,13798.11328125,13797.3798828125,970.0,1.0000000000000002
020_34_35,13759.0712890625,14142.9765625,544.0,0.9999999999999996
020_35_15,14174.5986328125,6316.375,234.0,1.0000000000000004
020_35_16,14173.3837890625,6600.01123046875,575.0,1.0000000000000007
020_35_17,14190.0830078125,6975.6513671875,411.0,1.0000000000000004
020_35_18,14204.853515625,7417.61279296875,499.0,1.0000000000000004
020_35_19,14279.501953125,7714.4404296875,338.0,1.0000000000000009
020_35_21,14050.625,8654.9287109375,136.0,0.9999999999999999
020_35_22,14184.9931640625,9039.251953125,560.0,1.0000000000000002
020_35_23,14205.0673828125,9391.9716796875,803.0,1.0000000000000007
020_35_24,14195.5087890625,9799.4052734375,779.0,1.0000000000000016
020_35_25,14198.244140625,10197.8408203125,770.0,1.0000000000000004
020_35_26,14206.267578125,10606.1533203125,754.0,1.0
020_35_27,14204.7001953125,11003.296875,899.0,0.9999999999999994
020_35_28,14199.7490234375,11392.6171875,866.0,1.0000000000000004
020_35_29,14206.9140625,11803.3671875,827.0,1.0000000000000009
020_35_30,14201.4248046875,12199.4140625,878.0,0.9999999999999996
020_35_31,14216.3115234375,12591.365234375,788.0,1.0000000000000007
020_35_32,14143.66796875,13011.5673828125,592.0,1.0
020_35_33,14138.2119140625,13395.853515625,707.0,1.0000000000000009
020_35_34,14174.591796875,13786.64453125,664.0,0.9999999999999998
020_35_35,14104.4619140625,14065.904296875,99.0,0.9999999999999994
020_36_15,14448.857421875,6352.29052734375,18.0,0.9999999999999999
020_36_16,14523.5166015625,6619.0302734375,316.0,0.9999999999999994
020_36_17,14589.0556640625,7017.1923828125,598.0,0.9999999999999994
020_36_18,14615.513671875,7402.54833984375,702.0,1.0
020_36_19,14596.140625,7800.57373046875,730.0,1.0000000000000002
020_36_20,14624.404296875,8024.94189453125,74.0,0.9999999999999999
020_36_22,14472.548828125,9006.33203125,170.0,0.9999999999999998
020_36_23,14569.3896484375,9405.6015625,631.0,0.9999999999999999
020_36_24,14612.57421875,9805.462890625,870.0,0.9999999999999998
020_36_25,14603.5625,10194.146484375,836.0,1.0000000000000007
020_36_26,14599.677734375,10603.0634765625,890.0,1.0000000000000007
020_36_27,14602.87890625,11005.0673828125,877.0,1.0000000000000013
020_36_28,14602.91796875,11399.283203125,880.0,0.9999999999999998
020_36_29,14601.1904296875,11795.3505859375,863.0,1.0000000000000004
020_36_30,14600.5986328125,12200.0205078125,892.0,1.0000000000000004
020_36_31,14593.2900390625,12600.802734375,949.0,1.0000000000000007
020_36_32,14609.4697265625,12996.404296875,866.0,1.0000000000000007
020_36_33,14605.9375,13388.1650390625,735.0,0.9999999999999994
020_36_34,14518.6767578125,13685.388671875,148.0,1.0
020_37_16,15144.2421875,6687.359375,13.0,0.9999999999999998
020_37_17,15000.49609375,7107.66259765625,214.0,1.0
020_37_18,14994.2470703125,7412.51611328125,665.0,1.0000000000000004
020_37_19,15001.2041015625,7796.4443359375,811.0,0.9999999999999993
020_37_20,14970.6728515625,8095.37939453125,263.0,0.9999999999999993
020_37_23,14984.3759765625,9501.09765625,254.0,0.9999999999999997
020_37_24,14944.88671875,9802.041015625,548.0,0.9999999999999999
020_37_25,14978.931640625,10222.8203125,681.0,1.0000000000000007
020_37_26,15001.140625,10598.3662109375,845.0,1.0
020_37_27,14995.423828125,11004.728515625,899.0,1.0
020_37_28,14987.640625,11394.0361328125,844.0,1.0
020_37_29,14995.880859375,11804.2255859375,811.0,0.9999999999999998
020_37_30,14993.03125,12204.705078125,897.0,1.0000000000000016
020_37_31,15001.255859375,12595.048828125,781.0,1.0000000000000002
020_37_32,14989.50390625,12998.677734375,800.0,1.0000000000000009
020_37_33,14949.95703125,13308.8662109375,359.0,0.9999999999999997
020_38_16,15486.962890625,6630.51123046875,15.0,1.0000000000000004
020_38_17,15383.6298828125,7080.54931640625,284.0,0.9999999999999996
020_38_18,15368.1923828125,7396.64794921875,508.0,1.0
020_38_19,15383.7421875,7791.92626953125,665.0,1.0000000000000002
020_38_20,15360.775390625,8072.19970703125,247.0,1.0
020_38_25,15318.4970703125,10329.40625,152.0,0.9999999999999992
020_38_26,15398.8310546875,10605.349609375,804.0,1.0000000000000002
020_38_27,15391.4560546875,11002.353515625,794.0,0.9999999999999997
020_38_28,15413.5068359375,11400.083984375,675.0,0.9999999999999999
020_38_29,15400.669921875,11796.634765625,787.0,0.9999999999999981
020_38_30,15397.72265625,12202.6748046875,733.0,0.9999999999999991
020_38_31,15393.697265625,12588.8837890625,813.0,1.0000000000000002
020_38_32,15348.0693359375,12980.3349609375,510.0,0.9999999999999994
020_38_33,15219.9423828125,13224.7001953125,16.0,0.9999999999999998
020_39_15,15831.6171875,6322.64013671875,351.0,1.0000000000000002
020_39_16,15815.9755859375,6583.9091796875,968.0,1.0
020_39_17,15809.9052734375,7011.33740234375,632.0,0.9999999999999996
020_39_18,15803.451171875,7407.2744140625,693.0,0.9999999999999998
020_39_19,15799.6708984375,7795.41357421875,788.0,0.9999999999999998
020_39_20,15791.1240234375,8102.30126953125,368.0,1.0000000000000002
020_39_25,15632.40625,10376.921875,18.0,0.9999999999999999
020_39_26,15764.0478515625,10634.7236328125,506.0,0.9999999999999998
020_39_27,15771.87109375,10991.6328125,584.0,1.0000000000000007
020_39_28,15781.013671875,11404.51171875,700.0,0.9999999999999999
020_39_29,15778.791015625,11795.255859375,714.0,1.0
020_39_30,15791.7451171875,12182.9814453125,606.0,1.0000000000000002
020_39_31,15790.228515625,12598.517578125,744.0,0.9999999999999998
020_39_32,15808.25,12882.673828125,115.0,1.0
020_40_16,16095.51171875,6696.01611328125,286.0,0.9999999999999996
020_40_17,16189.69140625,7006.86328125,704.0,1.0000000000000002
020_40_18,16196.9853515625,7402.95849609375,753.0,1.0
020_40_19,16206.4970703125,7811.603515625,885.0,1.0000000000000002
020_40_20,16183.7216796875,8062.23583984375,261.0,1.0000000000000002
020_40_28,16079.771484375,11450.7392578125,146.0,1.0
020_40_29,16095.111328125,11875.2578125,182.0,1.0000000000000007
020_40_30,16089.5595703125,12166.5400390625,304.0,1.0
020_40_31,16031.0439453125,12551.4609375,92.0,1.0
020_41_17,16473.400390625,7119.46728515625,100.0,1.0
020_41_18,16565.712890625,7428.16650390625,579.0,1.0000000000000002
020_41_19,16588.494140625,7798.177734375,867.0,1.0
020_41_20,16589.337890625,8036.85400390625,133.0,1.0
020_42_18,16822.205078125,7540.04833984375,16.0,0.9999999999999998
020_42_19,16836.7421875,7769.5859375,69.0,0.9999999999999999
