section,region_id,source_pixels,source_centroid_x,source_centroid_y,aligned_centroid_x,aligned_centroid_y,z,strongest_otsu_pixels,bcore_pixels
002,20,4553,1371.192400614979,1693.648144080826,1465.1586584191223,1673.2641211347604,0.0,1006,1980
002,23,6521,1523.5436282778714,1750.0245361140928,1628.3073302246942,1705.693004745201,0.0,1525,4597
002,28,2806,1265.7922309337134,1821.6450463292945,1379.1579966601698,1819.5201857220914,0.0,416,1548
002,30,9632,1430.6018480066446,1835.096760797342,1547.9998786920382,1806.584575298868,0.0,1205,4959
002,34,2632,1339.841565349544,1971.8662613981762,1478.2165024210028,1959.346038777965,0.0,277,895
002,36,13376,1038.9277811004786,1992.5861991626793,1177.2259142740984,2028.7033493266736,0.0,1357,5264
002,42,9148,947.1394840402273,2179.5222999562748,1114.4744461071618,2232.3050461448515,0.0,1706,4260
007,12,4957,1328.4875933024007,1702.3885414565261,1464.2712019001203,1694.946872079749,25.0,1565,2758
007,13,4221,1496.0575692963753,1725.2042170101872,1631.3191335791196,1721.3111500811665,25.0,393,3020
007,16,8217,1412.3625410733844,1831.3014482171109,1545.3907597019402,1825.609535481914,25.0,689,3826
007,21,4201,1346.2675553439658,1983.8755058319448,1476.0718759703716,1976.747537292167,25.0,808,1768
007,23,9728,1040.4393503289473,2036.1535773026317,1169.202781485211,2022.5279913703434,25.0,182,3617
007,25,1076,1038.0260223048326,2149.8977695167287,1164.375483472721,2136.195397188117,25.0,6,304
007,28,7027,992.7148142877472,2239.1195389213035,1117.1805140622369,2224.436144238166,25.0,1458,4457
014,15,6253,1613.8618263233648,1687.6756756756756,1476.531464019003,1666.4741099716866,60.0,1386,4323
014,19,5815,1210.8435081685298,1911.3239896818573,1151.7108380437912,1951.6121461059167,60.0,11,1668
014,21,5797,1552.4666206658617,1951.8742452992926,1472.8998403318055,1920.7216098031593,60.0,1488,3406
014,23,3465,976.9131313131313,2074.455411255411,969.8078527839431,2147.6383207917456,60.0,654,2222
014,24,4582,1104.2909209951986,2142.699912701877,1100.1512438359327,2184.785750890459,60.0,549,2831
020,15,26488,1577.7984747810328,1784.5000755058895,1566.6522234288814,1641.4822144136162,90.0,2326,21265
020,19,4392,1129.4369307832424,1987.7151639344263,1130.9743350303352,1870.86694297747,90.0,0,1612
020,20,6322,1460.0881050300538,1994.6610249920911,1461.5548960360202,1858.2388353724539,90.0,1136,3886
020,24,5814,932.2041623667011,2211.7229102167184,947.290214826273,2106.150757711896,90.0,1099,3183
020,25,5176,1065.6186244204018,2260.815687789799,1083.4165628612202,2147.264524051861,90.0,476,2399
025,13,5949,1687.53992267608,1755.6987729030088,1648.6206486605463,1658.1517871751064,115.0,150,3981
025,14,16536,1586.9830067731011,1809.1570512820513,1551.103284682342,1716.957098429893,115.0,1942,12817
025,17,7816,1473.6718270214944,1942.667221084954,1445.1741008726015,1856.3856781791196,115.0,598,3557
025,19,6839,1166.9668080128674,1997.4867670712092,1141.895016976882,1927.6718043008277,115.0,310,3149
025,26,8166,1109.8928483957875,2273.5113886847907,1099.8139897896876,2206.373112745685,115.0,663,5339
025,2219,5182,994.8097259745272,2197.7591663450407,980.8146389091623,2136.9399737504227,115.0,2014,5122
029,28,329,1472.981762917933,1601.498480243161,1523.0670612459433,1558.9642545073996,135.0,5,105
029,37,24208,1513.0572538003967,1708.2013384005288,1561.962113095442,1661.7981689937076,135.0,9308,18207
029,39,469,1564.9893390191899,1723.2494669509595,1612.0966059215777,1676.200118499507,135.0,23,278
029,45,1720,1347.7697674418605,1859.9709302325582,1402.8300466396938,1808.5476844023099,135.0,27,264
029,47,2926,1425.984962406015,1892.7911825017088,1478.359959564928,1840.034756649187,135.0,376,1223
029,48,5324,1066.3065364387678,1925.493425995492,1131.429249846766,1872.3593674940037,135.0,679,1870
029,53,687,979.0771470160116,2080.791848617176,1047.6118496067206,2022.3430526223501,135.0,14,103
029,58,5710,891.8963222416812,2170.5276707530647,963.6987559964946,2109.0877710108625,135.0,2109,3027
029,59,6696,1041.861111111111,2233.6736857825567,1108.5154328559495,2169.669885462014,135.0,471,2008
034,15,36679,1471.0782736715832,1842.5734071266938,1570.570497406957,1754.6663251385191,160.0,9704,29452
034,18,1546,1261.3350582147477,1908.9618369987063,1355.2860816177986,1829.3806777404966,160.0,9,500
034,19,2020,1564.4559405940595,1967.85,1670.8430905840448,1881.6730780898754,160.0,391,1601
034,20,6335,1056.7360694554066,2004.9439621152328,1146.1746990317918,1934.5808622569948,160.0,347,2463
034,23,4067,987.720924514384,2171.8777969018934,1079.4855731170562,2109.3490229913978,160.0,8,764
034,24,5825,884.880686695279,2219.158111587983,974.3496313257018,2161.2288650268883,160.0,2067,4276
034,26,1645,985.780547112462,2244.3227963525837,1079.5481871617314,2184.393344739338,160.0,147,1050
034,27,6366,1041.851712221175,2311.1487590323595,1139.5193774588226,2251.96327576156,160.0,104,3851
039,13,22997,1475.4618428490674,1787.0711831978085,1579.2994895051736,1689.3712911655984,185.0,5588,17371
039,15,2515,1312.3809145129226,1945.6143141153082,1417.7121867473595,1849.4350232611675,185.0,36,1046
039,16,2686,1386.5819061801935,1948.041697691735,1491.932678702272,1851.1672668108451,185.0,7,477
039,18,5074,1027.6042569964525,1997.8610563657865,1133.4378879120743,1904.3469463693382,185.0,325,1866
039,22,5834,848.3685293109359,2230.816935207405,956.3941722133945,2138.971479207403,185.0,2107,4201
039,23,10447,1005.6200823202834,2270.5307743849908,1114.0111679365134,2177.2106145480016,185.0,76,5962
044,8,44356,1563.1234556767968,1669.3379249706916,1544.2737495234412,1692.4590075853323,210.0,22090,40709
044,9,4990,1396.3014028056111,1809.7248496993989,1376.475287805516,1819.375825354581,210.0,24,2180
044,12,7806,1118.8235972328978,1914.7881117089419,1103.7765712197124,1906.7516180966304,210.0,254,3340
044,14,450,1070.7688888888888,1992.4622222222222,1053.5844100835589,1979.1779739193169,210.0,16,403
044,15,7005,912.2304068522484,2039.92562455389,898.4028759313239,2016.9970390114972,210.0,403,3521
044,16,668,1007.6392215568862,2055.245508982036,989.6038114348318,2036.5091333320618,210.0,5,125
044,17,4275,1100.4893567251463,2135.1338011695907,1075.1195955124647,2118.090617774478,210.0,628,2622
049,20,561,1510.4064171122996,1676.4991087344029,1454.7937625067568,1553.4923904200741,235.0,28,155
049,21,303,1475.3201320132014,1679.6534653465346,1421.3054878866287,1559.151493802619,235.0,32,145
049,26,39844,1588.9776628852526,1832.9891828129705,1542.0441500646677,1698.055582693442,235.0,24460,33328
049,31,249,1398.8473895582329,1913.4738955823293,1365.3243172134112,1789.664643539894,235.0,4,54
049,33,2393,1446.2578353531133,1939.9962390305056,1412.882630315014,1811.6132780562893,235.0,131,1114
049,34,3319,1364.4537511298583,1951.7824645977705,1335.1364716857374,1829.0681564872202,235.0,809,2238
049,37,6696,1119.8376642771805,2022.4826762246116,1105.3119657813147,1915.3495383520678,235.0,820,2779
049,41,7682,868.3475657380891,2085.4203332465504,868.2984389145404,1994.6828160039224,235.0,1019,2934
049,42,471,1064.3694267515923,2092.751592356688,1057.2626650291395,1987.0564872964096,235.0,144,471
049,44,231,986.2164502164502,2134.939393939394,985.3043962243828,2033.4652522359816,235.0,10,78
049,45,960,961.821875,2157.3645833333335,963.5371837833651,2056.850395039611,235.0,58,291
049,46,4035,1076.090458488228,2233.684262701363,1079.0911531545223,2121.6677073485635,235.0,1547,2428
049,47,1174,922.9131175468484,2237.352640545145,932.1331433749286,2136.6613910111987,235.0,39,320
049,48,1038,1200.0828516377649,2321.217726396917,1204.8320037826495,2196.5376994125195,235.0,4,41
050,23,44224,1535.5649421128799,1864.8986523154847,1527.6652543802538,1769.4793015320474,240.0,21754,38699
050,29,7415,1111.7977073499662,2029.563587322994,1119.748718701093,1970.540361979505,240.0,270,2732
050,31,7468,870.6336368505624,2085.1025709694695,884.2682234739967,2046.9382246403206,240.0,579,3615
050,32,460,1053.7260869565218,2094.863043478261,1067.5851376926598,2040.6639610594834,240.0,18,411
050,33,1845,986.9262872628726,2145.3127371273713,1005.4251601523556,2096.757208137922,240.0,30,461
050,34,486,946.1172839506173,2149.9732510288068,965.1637422561403,2104.965515333892,240.0,11,341
050,37,4113,1062.2246535375639,2235.601264283978,1088.358109060369,2180.1213115827795,240.0,1084,2625
051,26,44388,1628.2507885013968,1868.5867351536451,1540.9893804610401,1804.5984566827983,245.0,28670,39452
051,29,307,1495.14006514658,1913.28664495114,1415.4150082450303,1855.2988077460216,245.0,13,87
051,33,6773,1443.1649195334417,1991.3663073970176,1369.8757303217778,1933.4684885568088,245.0,2002,4547
051,35,10317,1148.2082969855578,2069.5653775322285,1090.417347265337,2025.7386099352968,245.0,1892,5271
051,36,14425,851.2279376083189,2097.989878682842,806.1427044997606,2070.2003400613,245.0,2614,6563
051,37,583,1097.0480274442539,2136.4236706689535,1045.016016150446,2093.0570215305042,245.0,226,583
051,40,3328,1019.5600961538462,2179.3680889423076,972.8903234351411,2138.8655942301307,245.0,372,1619
051,41,2169,874.5348086675888,2232.863531581374,836.3522087280309,2198.7203988952874,245.0,78,288
051,42,5359,1104.2955775331218,2282.2011569322635,1060.3929662878973,2233.0000498823015,245.0,2212,3461
052,12,42248,1562.2895758379095,1802.8284889225527,1562.2895758379093,1802.8284889225522,250.0,16607,36558
052,16,6991,1376.0150193105421,1930.080102989558,1376.015019310542,1930.0801029895576,250.0,240,3997
052,18,6540,1103.2762996941897,2017.748012232416,1103.2762996941894,2017.7480122324157,250.0,9,2658
052,19,16813,853.562243502052,2075.602331529174,853.5622435020518,2075.6023315291736,250.0,445,8059
052,20,478,1063.5041841004183,2091.5774058577404,1063.5041841004183,2091.5774058577404,250.0,33,477
052,21,6640,1065.4667168674698,2243.240963855422,1065.4667168674698,2243.2409638554213,250.0,1429,3547
054,7,50421,1707.521251066024,1648.6473889847484,1533.7095027469477,1763.693561316454,260.0,14019,37785
054,14,9214,1319.055784675494,1970.5722813110483,1109.1367870826148,1961.753186796907,260.0,423,3604
054,17,20305,1095.288155626693,2098.362176803743,878.1125279051607,2024.0503620628222,260.0,404,9613
054,19,6403,1358.3260971419647,2197.909261283773,1091.0085007922983,2175.2067214111858,260.0,1810,4036
059,11,641,1644.2761310452418,1655.0842433697348,1666.2184098554847,1659.892756394569,285.0,267,636
059,12,619,1734.9757673667204,1702.0032310177705,1754.9183119171203,1710.4872559392968,285.0,14,310
059,16,44366,1491.1452914393906,1766.4533201099941,1508.650361485816,1764.8962790797018,285.0,14158,37290
059,21,2924,1065.3396032831738,1960.3720930232557,1075.252182928824,1941.2118069553746,285.0,6,1040
059,22,1791,1056.895030709101,2019.356783919598,1064.3964907840623,1999.8010768087038,285.0,8,390
059,23,17475,879.8222031473533,2048.69773962804,886.2694952306572,2021.8647497140335,285.0,400,9456
059,24,5708,1058.053784162579,2178.8081639803786,1059.0171962543213,2159.165987031958,285.0,2004,3788
064,7,808,1658.1559405940593,1616.0383663366338,1670.2677457419413,1708.4406736603498,310.0,316,806
064,9,45173,1529.866424634184,1695.784140969163,1542.08548265777,1777.570283181472,310.0,14464,38495
064,14,8422,1363.9788648777012,1874.9685347898362,1371.8118643263876,1940.1709623540305,310.0,486,4213
064,15,725,865.4537931034482,1921.575172413793,889.364381358281,1955.4097500206979,310.0,26,185
064,16,28356,876.3943786147553,2028.1434617012274,893.5522472170762,2058.6265013991883,310.0,599,12369
064,18,7322,1065.3657470636438,2155.2517071838297,1067.8175248845268,2192.1889227924344,310.0,2266,4790
069,9,675,1782.9066666666668,1533.825185185185,1669.7191790434576,1657.673029928809,335.0,153,675
069,11,44219,1648.5451502747687,1635.6069562857595,1539.4491401362206,1733.1102529526954,335.0,10131,33947
069,17,4582,1645.5840244434744,1727.3341335661282,1526.7485499569132,1814.0628608868913,335.0,170,2270
069,19,333,1566.6996996996997,1796.936936936937,1449.1847668264738,1867.0769720198969,335.0,20,198
069,23,3670,1147.5686648501362,1908.3675749318802,1065.4531789910789,1919.8031057947614,335.0,53,1206
069,24,491,1015.6150712830957,1969.9103869653768,941.7375345459496,1959.849701252576,335.0,35,423
069,25,20243,946.9271847058243,2007.183322630045,876.7625950112908,1985.336266254959,335.0,1004,10607
069,27,11701,1187.5679856422528,2087.981369113751,1081.1758455723377,2083.3463468524715,335.0,2746,7444
069,29,3818,940.0489785227868,2171.34992142483,852.6328362873888,2130.0460363896673,335.0,54,555
074,23,16454,1749.260179895466,1633.0212106478668,1504.626256117663,1676.6457196654999,360.0,7786,14201
074,27,510,1969.3039215686274,1732.3470588235293,1711.0086015432403,1740.8447487861793,360.0,47,400
074,28,1218,1923.5057471264367,1741.6264367816093,1671.3224876743648,1754.0819062315495,360.0,7,387
074,32,846,1974.174940898345,1795.033096926714,1722.1781686759782,1795.9814779886744,360.0,30,130
074,33,11319,1737.1681243926141,1804.8981358777278,1512.6374794742019,1830.5998044860783,360.0,1284,5979
074,34,3504,1033.7357305936073,1810.1883561643835,888.1061869610847,1912.043022513944,360.0,1739,2738
074,38,1646,1884.8462940461725,1827.5874848116646,1646.3484852878341,1834.637166348309,360.0,33,158
074,39,2301,1593.1625380269447,1839.1946979574097,1388.4089912963955,1876.7679404244195,360.0,498,1197
074,40,2652,1345.5855957767722,1871.5177224736049,1171.9259430410893,1932.4832313181587,360.0,62,518
074,42,3016,1171.9953580901856,1883.8627320954906,1019.0113431881751,1962.3850699910013,360.0,179,863
074,43,4035,1514.060966542751,1892.2500619578686,1323.9049146578918,1932.5136786959945,360.0,79,485
074,47,12317,996.90289843306,1973.0581310384023,873.1484508512151,2060.697578476827,360.0,2270,6212
074,48,4210,1105.9643705463184,1978.5686460807601,970.6678188734148,2053.692448835754,360.0,1374,3106
074,51,11801,1181.8944157274807,2078.0067790865182,1048.9950816390494,2133.714155942314,360.0,5719,10008
074,53,651,1198.1505376344087,2188.5023041474656,1075.4995131961903,2230.0658405481895,360.0,30,187
078,10,15230,1603.7608667104398,1516.5705187130663,1502.6450528945672,1684.0184156972487,380.0,6677,13542
078,16,6815,1709.5411592076302,1656.5489361702128,1579.6716421579192,1820.5864830188236,380.0,403,3431
078,19,5730,1599.7298429319371,1719.6319371727748,1474.898673478797,1863.4014659157535,380.0,355,2821
078,20,2524,1502.4255150554675,1764.7444532488114,1383.3429606357795,1891.7866080548229,380.0,708,1957
078,22,5012,1434.4774541101356,1828.3060654429369,1315.5922763829246,1940.0047734914542,380.0,120,1180
078,23,1914,1264.4686520376176,1860.1650992685475,1161.2184341066534,1948.0030570244069,380.0,83,638
078,24,2267,1126.2977503308337,1896.2580502867224,1034.5400865628887,1963.5383770266708,380.0,106,765
078,26,20978,968.307989322147,2007.7474497092192,881.3311897388598,2043.4991458778668,380.0,4839,15103
078,27,3522,1071.6521862578081,2027.9892106757525,970.4556321900345,2073.720215980816,380.0,1196,3136
078,30,19303,1162.5176915505363,2158.847122208983,1035.3577103854823,2200.4357796174136,380.0,6818,16769
084,14,9905,1674.5232710752146,1640.5491166077738,1490.5225467364278,1702.6255023499918,410.0,5374,9336
084,16,591,1747.3857868020305,1675.5143824027073,1557.7230341299473,1729.00922210995,410.0,22,409
084,17,2558,1840.2466770914777,1695.849100860047,1641.7872235253521,1741.0606018681879,410.0,10,2111
084,20,2090,1896.1947368421052,1734.6387559808613,1694.1667189084267,1771.9529494354642,410.0,345,1464
084,25,462,1630.9242424242425,1809.6471861471862,1462.7087530828467,1856.0461070346569,410.0,12,336
084,26,5741,1763.2313185856124,1811.6775823027347,1580.7246405981991,1849.2254185353604,410.0,120,1688
084,28,3870,1630.2268733850128,1856.5103359173127,1465.1448336317771,1897.8219381338824,410.0,98,674
084,29,3169,966.5254023351215,1875.1798674660777,875.0158057341993,1957.7314139266014,410.0,1871,2540
084,30,2026,1526.0419545903258,1877.2453109575517,1373.6705724726064,1923.0805166929013,410.0,464,1129
084,32,2677,1282.698543145312,1906.3268584236084,1158.752934366346,1964.8470202858282,410.0,85,627
084,35,954,1149.5524109014675,1917.083857442348,1040.8237312992792,1983.1092546708687,410.0,9,60
084,36,5594,1450.2468716481944,1927.497139792635,1309.4169120192182,1972.7715382986673,410.0,205,1585
084,37,907,1095.175303197354,1944.6262403528115,994.1715336988287,2011.1813160590875,410.0,20,151
084,38,874,982.8935926773455,1956.1533180778033,894.8824271821652,2028.768564698559,410.0,105,361
084,39,2095,941.0763723150358,1961.5966587112173,857.9791059943072,2036.3429135198796,410.0,119,731
084,40,1032,1041.3972868217054,2023.1220930232557,951.3774002830726,2084.5869748553964,410.0,93,454
084,42,8948,910.2424005364327,2140.9846893160484,842.2101004245467,2198.093944932244,410.0,3301,5939
084,43,10217,1118.4172457668592,2156.7382793383576,1028.7182406186216,2198.54549897263,410.0,3808,6257
084,46,644,1013.77950310559,2221.0295031055903,939.6821983486454,2262.6192553168044,410.0,44,166
086,17,25185,1595.0434385546953,1602.8044470915227,1524.7718430474333,1784.9142651942752,420.0,3957,16742
086,21,10230,1409.3845552297166,1822.1851417399805,1324.7376068599342,1961.6765664194056,420.0,298,5651
086,22,1548,1268.061369509044,1839.2157622739019,1192.5328757782256,1958.4289138681122,420.0,10,777
086,24,737,1203.3459972862959,1852.2754409769336,1131.2892925126348,1961.7759781154568,420.0,8,415
086,25,4759,942.1430972893465,1887.0670308888423,886.4963370055222,1958.819093889594,420.0,1804,4526
086,27,1365,1038.6102564102564,2008.8505494505494,958.8926468155364,2083.6243288648907,420.0,125,920
086,28,17129,935.9853464884114,2072.3532605522796,856.0486969865922,2128.2541349155676,420.0,2697,10920
086,29,15285,1113.8930978083088,2079.3551193981025,1018.6727898605791,2158.4769856299527,420.0,3219,9357
091,6,6442,1536.2871778950637,1502.8703818689849,1486.8839642331943,1654.7242842920898,445.0,2470,5276
091,9,5740,1802.6165505226481,1572.9674216027875,1721.3607683410478,1756.8244059818417,445.0,44,2146
091,14,36697,1487.6604627081233,1769.4397907185873,1404.4159007246092,1892.4494454030528,445.0,1033,15468
091,18,27781,954.9564090565494,2047.0041395198157,876.1187556999323,2071.606049356733,445.0,2148,10934
091,20,16106,1127.5224140072023,2111.920526511859,1025.278408519872,2155.6532934112975,445.0,1696,6963
097,6,6793,1617.2942735168556,1563.1582511408803,1534.5292524043055,1671.004155465213,475.0,1865,4212
097,9,30765,1785.3403217942466,1681.0841215667153,1677.8906416550346,1796.7470417348372,475.0,1889,8817
097,13,14067,1430.4905807919245,1879.8571123907016,1330.1604514376693,1944.588143584532,475.0,205,4158
097,14,3021,961.2648129758359,1931.0675273088382,891.6191507588388,1944.7201195376688,475.0,752,1494
097,16,23533,945.3835040156376,2138.117409595037,856.140941759994,2134.2567567504257,475.0,1688,6836
097,18,9934,1119.5756996174753,2243.5636198912825,1006.4334151601814,2249.096883441114,475.0,2222,4264
102,6,16242,1770.7220169929813,1592.8970570126833,1727.1311099570332,1764.2231491390964,500.0,2080,5171
102,7,20524,1572.7332878581174,1642.4748587020074,1538.1827538754471,1780.8926455627493,500.0,734,2674
102,10,20813,1366.1289578628741,1864.1012828520636,1316.2981032614866,1954.0976254202212,500.0,572,6104
102,13,54326,971.8365975775872,2133.5845267459413,915.1705850396846,2143.892084250188,500.0,6243,15792
106,9,2246,1686.313446126447,1614.806767586821,1530.109512785313,1702.811859713765,520.0,69,917
106,10,8530,1921.3821805392731,1677.1286049237983,1739.1283364985113,1761.7354561423622,520.0,3130,4990
106,11,1938,1744.1001031991743,1680.1604747162023,1580.7924099282475,1761.9640021471057,520.0,5,272
106,16,6203,1704.8611961953893,1804.6151862002257,1544.015289573672,1872.522149028813,520.0,6,401
106,18,3545,1550.5822284908322,1870.2660084626234,1405.342613332995,1928.9751676955323,520.0,500,1009
106,20,13421,1432.7977795991358,1921.4649429997764,1299.4577278280938,1973.0364385657465,520.0,988,5314
106,23,37065,1008.7096182382302,2149.2212059894778,917.6071573917228,2170.437162746521,520.0,7440,15728
