source_section,target_section,section_number_gap,rotation_angle_deg,determinant,qc_status,source_center_xy_x,source_center_xy_y,target_center_xy_x,target_center_xy_y,translation_after_rotation_about_source_center_xy_x,translation_after_rotation_about_source_center_xy_y,affine_offset_xy_x,affine_offset_xy_y,before_symmetric_nn_median_px,before_symmetric_nn_p95_px,before_fraction_within_400px,before_transport_rmse_px,before_transport_feature_mse,after_symmetric_nn_median_px,after_symmetric_nn_p95_px,after_fraction_within_400px,after_transport_rmse_px,after_transport_feature_mse,transform_json
007,002,5,-79.73829312740057,0.9999999999999999,pass_whole_section_qc,6836.473924074728,10453.133067299994,10502.567239508111,10948.488767018036,3666.0933154333834,495.35569971804216,-1001.2417889410444,15813.439380765929,107.71122945634033,3116.7445025370685,0.6648467030659386,8323.147938788876,1.3848065656063486,158.173959889606,273.4270528974741,0.9802603947921041,369.76278026666785,1.3848065656063486,pairs/007_to_002/transform.json
014,007,7,-13.48082711429684,1.0000000000000007,pass_whole_section_qc,8528.95882636304,11255.041908255987,7746.984861587079,12046.509506304707,-781.9739647759607,791.4675980487191,-3170.7589472228783,3089.8372926091215,59.75999653363729,1274.233952580196,0.8355614973262032,1887.078996938846,1.6623296737914308,167.46617996569688,451.0003476756107,0.9318181818181818,846.5900000255766,1.6623296737914308,pairs/014_to_007/transform.json
020,014,6,8.872776239972142,1.0000000000000002,pass_whole_section_qc,7862.228565416837,11538.839147352646,8033.68759316121,9892.294934757298,171.4590277443731,-1646.5442125953487,2045.3057003811646,-2721.139537643887,57.78668218096274,1111.9993705522982,0.8455361360415683,1932.566697338436,2.3365681688482196,166.32840580856183,468.3120809185229,0.9357581483230987,504.8505419252244,2.3365681688482196,pairs/020_to_014/transform.json
025,020,5,0.2980690624032543,0.9999999999999999,pass_whole_section_qc,8878.644238020348,12451.018411354966,8692.359503397365,12760.130472821162,-186.2847346229828,309.1120614661959,-121.39111674707965,263.0915038839339,47.92947129120751,563.8697088715713,0.9192786603692572,1003.4384331212923,1.4215452560604454,199.62377189779002,597.7373424686944,0.9235723486474882,935.8337578659632,1.4215452560604454,pairs/025_to_020/transform.json
029,025,4,2.9651268754724853,0.9999999999999999,pass_whole_section_qc,7013.785961036465,9853.090092650473,7939.3607332614065,10416.373139338437,925.5747722249416,563.2830466879641,1444.646724105749,213.66429215494463,65.94827752843183,902.1143819003155,0.8669871794871795,1303.2803339466725,2.3822081156013875,161.59739498946686,328.6889625515964,0.9659455128205128,656.9136352413133,2.3822081156013875,pairs/029_to_025/transform.json
034,029,5,-1.4527480810958793,1.0000000000000002,pass_whole_section_qc,7396.85755720371,10856.22987626239,7013.785961036466,9853.09009265047,-383.071596167244,-1003.1397836119213,-655.9268388034825,-812.1213171522013,50.00083194278956,963.1404578005383,0.858041683051514,1268.3417847023597,2.9562886918237044,164.32294785292018,376.89597213387674,0.9539913488006292,658.3202425866277,2.9562886918237044,pairs/034_to_029/transform.json
039,034,5,1.0448909856277258,1.0000000000000002,pass_whole_section_qc,7009.439240415196,10544.556976394459,7396.85755720371,10856.22987626239,387.41831678851395,311.67289986793185,580.8720770878735,185.60373585471825,54.82763104611716,453.9057130519963,0.9272365805168986,588.5674449148876,1.531901575059091,139.44288421707466,258.14542483697534,0.9876739562624255,295.27961162415147,1.531901575059091,pairs/039_to_034/transform.json
044,039,5,3.4980961793011405,1.0000000000000007,pass_whole_section_qc,8416.960165116805,11563.376292725341,7903.383542648413,12629.499526244572,-513.5766224683921,1066.1232335192308,207.64935947000504,574.1038425606384,76.06723725041246,728.8409210852593,0.8630559225011009,1244.358790804165,1.8844563237634433,168.24118869681516,503.2451623873718,0.9260237780713342,201.34896016799536,1.8844563237634433,pairs/044_to_039/transform.json
049,044,5,-7.4166530140070215,1.000000000000001,pass_whole_section_qc,8140.635758647894,12345.334523728154,8142.841255982348,11576.293548991329,2.2054973344538666,-769.0409747368249,-1523.270331272157,385.06833275716053,56.96264305172123,713.8784692373637,0.880107768298159,1047.309793584835,1.7364007006739326,159.17892649856051,465.8653314227914,0.9420745397395599,183.26966327395454,1.7364007006739326,pairs/049_to_044/transform.json
050,049,1,-0.557422002994249,0.9999999999999996,pass_whole_section_qc,7641.1875163005525,10808.797953042636,7478.898025275715,10656.323654846246,-162.28949102483784,-152.47429819639,-267.08338001330594,-77.62398420448699,41.9966902175733,482.93175564449075,0.9130615640599001,500.9885643404776,2.0274315889665933,211.77000072239508,353.81808285351036,0.9638103161397671,445.1477376903561,2.0274315889665933,pairs/050_to_049/transform.json
051,050,1,1.5899030171685535,0.9999999999999996,pass_whole_section_qc,7759.778371304477,10243.849828213659,7641.187516300553,10808.797953042636,-118.59085500392393,564.9481248289776,168.61704918237137,353.5930153711197,37.39267198098041,436.023071506627,0.9430673896204492,697.9169273138332,2.2935716680855656,164.16871143628578,284.29256460899643,0.9802478698683191,355.89659851230937,2.2935716680855656,pairs/051_to_050/transform.json
052,051,1,3.423021709141639,1.0000000000000002,pass_whole_section_qc,7507.717842968894,10390.357941753085,7759.77837130447,10243.849828213652,252.06052833557624,-146.5081135394339,885.8368595033862,-576.2376695713247,33.3673015530905,322.05467045352094,0.9651162790697675,510.1324490804209,1.777351248448725,152.25725945354478,250.37875122576753,0.9962490622655664,214.68623287805792,1.777351248448725,pairs/052_to_051/transform.json
054,052,2,14.646871194134752,1.0000000000000004,pass_whole_section_qc,7708.870390265111,9497.902582832725,7507.717842968897,10390.35794175309,-201.15254729621483,892.4553589203642,2451.013726653847,-748.159897121579,54.9242074508717,829.4145235975735,0.8746130030959752,1794.9136444403118,1.980759839837047,161.2099870824947,274.40396576670327,0.9829721362229102,324.28857053357444,1.980759839837047,pairs/054_to_052/transform.json
059,054,5,-12.2983533096633,1.0000000000000004,pass_whole_section_qc,7366.334221242519,10484.597056513247,7708.87039026511,9497.902582832725,342.5361690225909,-986.6944736805217,-1721.662305752082,822.9554149333344,60.67392644132848,762.1663166832466,0.8842611133360032,1656.209504884341,1.9236312707046213,161.2237900600965,275.8271899718251,0.985983179815779,303.2285443967322,1.9236312707046213,pairs/059_to_054/transform.json
064,059,5,1.186425774203493,1.0000000000000002,pass_whole_section_qc,7032.6929867468125,9629.435757836076,7366.334221242519,10484.597056513248,333.64123449570616,855.1612986771725,534.5317488450119,711.6098653688132,54.1378361521757,491.2307862013997,0.9176563737133808,979.9148269410481,2.552705559242821,149.18636537246874,266.1643642115798,0.9833729216152018,320.9388483072067,2.552705559242821,pairs/064_to_059/transform.json
069,064,5,3.528678798328967,0.9999999999999999,pass_whole_section_qc,7027.746878020077,8942.53999534527,7032.6929867468125,9629.435757836072,4.946108726735474,686.8957624908016,568.666583457546,271.3050466603636,51.513260981132646,501.9624760284403,0.9266393442622951,883.6098744899912,2.24106900979816,161.51455779454514,340.30647620469017,0.9577868852459016,430.5061777981394,2.24106900979816,pairs/069_to_064/transform.json
074,069,5,-14.066141408706823,1.000000000000001,pass_whole_section_qc,7940.2808386871875,8780.919512178423,7027.74687802008,8942.539995345272,-912.5339606671077,161.62048316684923,-2808.5818027621935,2354.729633760867,43.770828918939166,764.8231940095336,0.8878980891719745,1686.952580022203,2.264595666953887,165.8859124711526,313.3638176718183,0.9711252653927813,333.8978820327933,2.264595666953887,pairs/074_to_069/transform.json
078,074,4,14.654400556828058,0.9999999999999997,pass_whole_section_qc,7049.57646827513,8578.297972696084,7940.280838687187,8780.919512178421,890.704370412057,202.62153948233754,3290.238218557196,-1301.7799339716403,39.88296003622626,635.7326616592321,0.9060320065654494,1730.5378413537153,1.4556201147259467,154.76450924118208,249.60958679001797,0.9958965941731637,261.2666155281351,1.4556201147259467,pairs/078_to_074/transform.json
084,078,6,-11.840263669329854,1.0000000000000004,pass_whole_section_qc,7576.07130673467,8744.137799632792,7049.57646827513,8578.297972696084,-526.49483845954,-165.83982693670805,-2159.458267543104,1574.6930767736558,39.811674289377265,504.6361368693436,0.9263535031847133,1343.4103466388724,1.640500225423725,156.32508723594435,256.62955486747234,0.9940286624203821,308.521838832515,1.640500225423725,pairs/084_to_078/transform.json
086,084,2,12.4675302252213,1.0,pass_whole_section_qc,7126.707422734047,8830.242588025418,7576.07130673467,8744.137799632792,449.3638840006224,-86.10478839262578,2523.750750773029,-1416.433043210529,40.42866646113241,488.38112941016817,0.928125,1359.1247825697378,0.954181882288433,149.32222857412043,241.5858593915242,0.99921875,228.56357133517446,0.954181882288433,pairs/086_to_084/transform.json
091,086,5,0.5100687857187942,1.0000000000000002,pass_whole_section_qc,7135.3441130581905,9040.841714805132,7126.707422734045,8830.242588025414,-8.636690324145093,-210.59912677971806,72.12999711093107,-273.7615788125804,25.882916930149484,141.61068882073187,0.9936633663366337,330.1331687441298,1.4713055370216728,167.4688428738439,228.71876657688708,0.9972277227722772,248.85669414318352,1.4713055370216728,pairs/091_to_086/transform.json
097,091,6,-2.578493288294242,0.9999999999999998,pass_whole_section_qc,7297.724903266374,9240.0069593326,7135.344113058189,9040.841714805129,-162.38079020818532,-199.16524452747217,-570.6815516730258,138.50012246140977,34.421132558052996,205.46746518333282,0.9810201660735468,446.29254894485695,1.6095578052895472,143.7564425037377,247.39135445235075,0.9932779754843811,256.38415301371765,1.6095578052895472,pairs/097_to_091/transform.json
102,097,5,2.7980655586212286,0.9999999999999999,pass_whole_section_qc,6911.579220326949,9130.759226275535,7297.724903266376,9240.006959332602,386.1456829394265,109.24773305706731,840.1133420245023,-217.2624294067482,35.19997385468379,336.6120070721343,0.962010288880095,556.4170449468705,1.3869983100230083,153.2311339761541,258.29669041953093,0.9916897506925207,261.87698144878544,1.3869983100230083,pairs/102_to_097/transform.json
106,102,4,-8.11144948580645,0.9999999999999997,pass_whole_section_qc,7348.406983569715,8771.331332639507,6911.579220326951,9130.759226275535,-436.82776324276347,359.4278936360279,-1600.9371548187164,1484.03420794275,33.6366715778516,463.4674577535871,0.9341463414634147,1024.610858498394,1.1155437161204476,157.2453920170123,254.09512999385746,0.9926829268292683,276.89252904519026,1.1155437161204476,pairs/106_to_102/transform.json
